PassengerId,Transported
0013_01,0.7476332
0018_01,0.47192204
0019_01,0.83686286
0021_01,0.8199466
0023_01,0.69274837
0027_01,0.6620333
0029_01,0.9839677
0032_01,0.90969545
0032_02,0.9321362
0033_01,0.4768559
0037_01,0.27813774
0040_01,-0.087788954
0040_02,0.44641918
0042_01,0.12605709
0046_01,0.054548725
0046_02,0.16226111
0046_03,0.33128643
0047_01,0.9093505
0047_02,0.7427314
0047_03,0.1095457
0048_01,0.5186472
0049_01,0.045350846
0054_01,0.92854375
0054_02,0.6978246
0054_03,0.483276
0055_01,0.14072897
0057_01,0.6764854
0059_01,0.36053622
0060_01,0.5252634
0063_01,0.8450469
0065_01,0.72930694
0075_01,0.45753166
0079_01,0.66357595
0080_01,0.3924872
0083_01,0.019655818
0087_01,0.30705673
0089_01,1.002899
0093_01,0.8160583
0094_01,0.18246527
0094_02,0.060076628
0095_01,0.71780246
0096_01,0.25738376
0100_01,0.8980453
0100_02,0.71727294
0104_01,0.27042413
0106_01,0.559939
0109_01,0.048515767
0117_01,0.3347633
0118_01,0.4761011
0121_01,0.060836963
0124_01,0.30797943
0125_01,1.0162909
0125_02,-0.007434367
0130_01,0.3071505
0131_01,0.18722135
0132_01,1.3118314
0135_01,0.3144117
0137_01,0.77638125
0142_01,1.0011716
0142_02,0.14558177
0142_03,0.96022034
0143_01,0.8962744
0145_01,0.1230788
0150_01,1.0165381
0150_02,1.0985605
0153_01,0.32159114
0154_01,0.61295027
0155_01,-0.061638772
0156_01,0.7107715
0157_01,-0.22835489
0158_01,0.3619888
0158_02,0.6773625
0159_01,0.13000242
0161_01,0.08216949
0162_01,1.0102165
0166_01,0.5698234
0168_01,1.0726686
0175_01,0.81156003
0175_02,0.28570396
0175_03,0.72819483
0175_04,0.7756221
0175_05,0.25410575
0176_01,0.14677288
0180_01,0.16060582
0184_01,0.6538676
0185_01,1.0405664
0187_01,0.8419246
0191_01,-0.049926154
0194_01,1.050049
0194_02,0.9174639
0194_03,-0.01041644
0204_01,-0.04045434
0208_01,0.37168986
0209_01,-0.23624586
0214_01,-0.16690463
0214_02,0.12607184
0215_01,0.6635299
0218_01,0.028264642
0226_01,0.44072184
0227_01,0.57597035
0228_01,0.9810636
0228_02,0.9406982
0228_03,0.9962478
0228_04,0.0019313904
0230_01,0.7670169
0230_02,0.03871309
0235_01,0.43829983
0236_01,1.0238624
0238_01,-0.09233891
0247_01,0.9749737
0247_02,0.9713633
0249_01,0.15555362
0256_01,0.654242
0259_01,1.1858822
0262_01,0.02643134
0264_01,0.9678018
0264_02,1.0053279
0264_03,-0.11299269
0266_01,0.06592958
0266_02,0.08692229
0268_01,0.0564783
0268_02,0.041445747
0271_01,-0.08868024
0272_01,0.19706948
0273_01,1.0662733
0273_02,0.99593705
0273_03,0.26876807
0274_01,0.110385686
0274_02,0.52255714
0276_01,0.22135192
0276_02,0.94164634
0279_01,0.29641297
0280_01,0.33121383
0284_01,0.95990795
0292_01,0.10150959
0293_01,0.9747956
0295_01,0.25842646
0296_01,0.30099225
0299_01,0.17208458
0300_01,-0.023259372
0308_01,0.36445522
0311_01,0.6708682
0312_01,0.64357305
0317_01,-0.09333377
0318_01,0.5928077
0319_01,-0.1290419
0319_02,1.0535142
0323_01,0.5963269
0325_01,0.26104665
0328_01,0.60922134
0329_01,1.0288948
0332_01,0.37804434
0335_01,0.3533521
0339_01,0.19909833
0339_02,0.28007177
0339_03,0.31054062
0339_04,0.782811
0339_05,0.69322586
0339_06,0.08458481
0339_07,0.032959133
0339_08,0.2463876
0342_01,0.5201437
0342_02,0.3591801
0344_01,1.0141025
0344_02,0.38535818
0349_01,-0.047068972
0349_02,0.94390166
0349_03,0.018311039
0349_04,1.0262679
0349_05,0.15179524
0349_06,-0.04219738
0351_01,0.95603645
0353_01,0.050454166
0353_02,0.6159889
0354_01,0.74386895
0362_01,0.8505094
0363_01,0.19781044
0363_02,0.28806946
0363_03,0.1989441
0364_01,0.49469382
0364_02,-0.06681705
0366_01,0.5778512
0367_01,0.1612125
0374_01,0.36161837
0374_02,0.02078684
0386_01,0.03973565
0390_01,0.2783966
0393_01,0.048947144
0394_01,0.6280479
0399_01,0.377318
0400_01,0.84424686
0404_01,0.93975216
0406_01,0.52749354
0414_01,-0.16639155
0416_01,0.19978802
0418_01,0.009075659
0419_01,0.31578496
0419_02,0.6337216
0419_03,0.3729034
0420_01,0.2583393
0421_01,1.0854607
0422_01,0.28868553
0424_01,0.1944264
0426_01,0.26532394
0440_01,0.6533077
0443_01,0.36811528
0450_01,-0.041076962
0451_01,1.0624164
0455_01,0.26674992
0464_01,0.8931997
0467_01,0.9439887
0467_02,1.054672
0467_03,1.0793766
0467_04,1.1138037
0469_01,0.37228748
0473_01,0.2935621
0478_01,-0.014523202
0478_02,1.0370104
0479_01,1.0780799
0483_01,1.0603604
0483_02,0.5238534
0484_01,0.9865122
0486_01,0.66350013
0489_01,0.4039928
0489_02,0.9730681
0491_01,0.8139179
0492_01,0.10825087
0493_01,0.5907781
0494_01,1.0468141
0494_02,0.3667186
0495_01,0.5387098
0495_02,0.7998274
0495_03,0.7297064
0495_04,0.4180643
0495_05,0.039976906
0495_06,0.61387944
0496_01,0.10151949
0496_02,0.72887456
0497_01,0.99854547
0505_01,0.06334777
0508_01,0.25839594
0509_01,0.511048
0511_01,0.06831853
0514_01,0.3827196
0524_01,0.7407762
0526_01,0.5182535
0530_01,-0.08918873
0530_02,0.12084724
0530_03,0.9953183
0532_01,0.060514238
0532_02,0.9563676
0535_01,0.39742061
0536_01,0.23476397
0536_02,0.008697661
0541_01,1.0091031
0543_01,0.7131522
0544_01,0.9798991
0554_01,0.16916849
0557_01,0.984005
0557_02,0.93373245
0558_01,0.9145149
0562_01,0.5312683
0562_02,0.9756357
0574_01,-0.08793095
0578_01,0.57477605
0578_02,0.505548
0584_01,0.35668328
0584_02,-0.07571388
0592_01,0.53444105
0595_01,0.32019863
0601_01,0.55419415
0604_01,0.5821892
0605_01,0.30814728
0606_01,0.45949796
0613_01,0.9752879
0613_02,1.0195302
0616_01,-0.01793605
0617_01,0.0085200295
0620_01,0.014273052
0620_02,0.66125035
0620_03,1.1012053
0621_01,0.022211405
0622_01,0.025739372
0624_01,0.985012
0625_01,0.89710575
0625_02,0.98143107
0625_03,0.96751386
0626_01,0.9396566
0626_02,0.9895597
0626_03,0.9128254
0627_01,0.6323729
0632_01,0.11137408
0632_02,0.74685323
0632_03,0.48160684
0640_01,1.0014583
0640_02,1.060469
0648_01,0.14813708
0648_02,-0.11553291
0649_01,0.2999441
0651_01,0.74031365
0652_01,0.9600676
0652_02,0.7633366
0652_03,0.8317841
0652_04,0.3235296
0652_05,0.80252343
0654_01,0.3629018
0662_01,0.6648307
0666_01,0.60731494
0666_02,0.7370461
0667_01,0.51655805
0670_01,0.17108154
0670_02,-0.046718266
0673_01,0.006001601
0675_01,0.6015111
0676_01,0.1824287
0681_01,0.40796348
0692_01,0.93008316
0694_01,0.2872523
0695_01,0.62681407
0698_01,0.19756646
0700_01,0.2589674
0706_01,0.6007947
0708_01,1.0297234
0708_02,1.0621493
0711_01,-0.08704371
0716_01,0.13591874
0717_01,0.88087034
0717_02,0.6134898
0717_03,0.9891478
0717_04,0.94063526
0717_05,0.0032341923
0717_06,-0.20607826
0717_07,1.0023179
0720_01,0.92540103
0720_02,0.38879275
0720_03,0.12815735
0721_01,0.4215049
0722_01,0.17521758
0723_01,0.024951113
0725_01,0.16082563
0730_01,0.6713754
0731_01,0.35819453
0731_02,0.19983107
0735_01,0.14910078
0739_01,0.530522
0741_01,0.54692
0742_01,0.54794645
0742_02,0.73156357
0744_01,1.1027055
0745_01,0.12793198
0747_01,0.027524717
0748_01,0.96143
0748_02,-0.03089635
0749_01,1.0181328
0751_01,0.93932384
0752_01,0.3957335
0755_01,0.61195433
0758_01,0.2556115
0758_02,1.1281261
0758_03,0.1307264
0759_01,1.0798358
0759_02,0.059904534
0759_03,0.9390365
0760_01,0.0035471143
0763_01,0.9745659
0763_02,0.047616664
0766_01,0.6044827
0774_01,0.490814
0774_02,0.02769611
0774_03,0.49010807
0775_01,1.0590436
0775_02,1.0136163
0775_03,0.9582205
0775_04,0.08033698
0775_05,0.9558373
0775_06,1.003125
0778_01,0.99429184
0778_02,0.26204246
0780_01,0.9508191
0783_01,0.14494522
0792_01,0.54490745
0800_01,0.15520942
0801_01,1.1460806
0803_01,0.3686984
0804_01,1.0154786
0807_01,0.61351615
0810_01,0.013670432
0812_01,0.7092956
0814_01,0.2667917
0821_01,0.85912836
0827_01,0.011791436
0827_02,0.5087801
0827_03,0.9820588
0831_01,0.11168447
0832_01,0.7541102
0837_01,0.9758819
0837_02,0.18923506
0838_01,0.3986279
0838_02,0.11674181
0841_01,0.24204633
0842_01,0.1729251
0843_01,0.60307795
0844_01,0.7984332
0847_01,0.18250306
0852_01,0.9416169
0854_01,0.5816811
0855_01,0.6582103
0856_01,0.06373711
0857_01,0.8617838
0858_01,0.31213748
0858_02,0.995905
0861_01,0.3067222
0862_01,0.3613935
0864_01,-0.12676123
0864_02,1.0386412
0864_03,0.9722609
0866_01,1.0293288
0872_01,0.19265318
0880_01,0.5541723
0880_02,0.49097106
0882_01,1.0451086
0884_01,0.08270964
0884_02,0.35055274
0886_01,0.11726434
0886_02,0.987324
0886_03,1.0435982
0887_01,-0.10318503
0887_02,-0.00256478
0888_01,0.26426944
0888_02,0.27809936
0891_01,0.9203982
0892_01,1.0531181
0892_02,1.0232325
0892_03,1.0977825
0894_01,0.9652434
0895_01,0.24952248
0896_01,0.31210765
0897_01,1.0972501
0897_02,1.0576003
0900_01,0.5151275
0908_01,0.329742
0909_01,-0.05959337
0909_02,0.930255
0909_03,0.95058626
0914_01,0.1432328
0916_01,0.10566169
0917_01,0.5959179
0920_01,0.09681152
0929_01,0.03355059
0934_01,-0.053651948
0936_01,0.094898045
0937_01,0.51356876
0943_01,1.0134618
0943_02,0.94960195
0943_03,0.30168775
0945_01,0.28799736
0945_02,0.13393144
0948_01,-0.09655593
0950_01,0.9888008
0954_01,0.1391715
0958_01,0.19990121
0959_01,0.3685455
0962_01,0.81592196
0963_01,0.988145
0967_01,0.16648677
0973_01,0.07779582
0974_01,0.21395797
0977_01,0.73007894
0980_01,0.48686448
0981_01,0.013303605
0981_02,0.3946098
0986_01,-0.06375138
0986_02,1.0895132
0996_01,0.28271312
0999_01,0.60664845
0999_02,0.41615638
1003_01,-0.04388269
1007_01,0.01039025
1009_01,0.006266664
1010_01,0.9536788
1016_01,-0.1598355
1021_01,0.23659119
1023_01,0.9780624
1028_01,0.4893882
1037_01,0.36194915
1039_01,0.06658804
1042_01,0.085906565
1044_01,0.7550026
1050_01,0.44075394
1055_01,0.46645588
1059_01,0.98895633
1059_02,1.0066438
1061_01,0.99977523
1064_01,0.4667402
1064_02,0.48324004
1067_01,0.33672607
1069_01,1.029351
1070_01,0.6024449
1072_01,0.6929233
1072_02,0.5037344
1072_03,0.59318656
1072_04,0.15809667
1072_05,0.13444288
1072_06,0.4004869
1072_07,0.42406762
1072_08,0.53018606
1073_01,0.14582457
1074_01,0.65934175
1074_02,0.94221514
1081_01,0.6419305
1087_01,0.80082035
1090_01,0.94497025
1090_02,0.40380415
1092_01,0.7472104
1098_01,0.047117297
1101_01,0.44962034
1103_01,0.17664802
1104_01,0.9630859
1106_01,-0.0030115508
1106_02,0.9496552
1107_01,0.43559885
1109_01,0.2077771
1111_01,0.50705
1111_02,0.20594546
1111_03,0.19442001
1118_01,0.1478346
1118_02,1.0743788
1118_03,1.138807
1118_04,0.24583405
1118_05,0.23360798
1119_01,0.21953891
1119_02,0.9981568
1120_01,1.0123329
1122_01,0.63429147
1124_01,1.0181968
1124_02,1.0015309
1124_03,0.28675142
1125_01,0.31045154
1125_02,0.58319855
1126_01,0.96649814
1128_01,1.1256006
1128_02,0.96754515
1131_01,1.035763
1135_01,-0.092021525
1135_02,1.0297273
1135_03,-0.07397692
1135_04,0.8545809
1137_01,0.23179142
1137_02,0.0013552996
1138_01,0.97986233
1139_01,0.6270952
1143_01,0.49036708
1145_01,1.0552516
1145_02,0.36183015
1145_03,0.23580837
1145_04,1.0284916
1151_01,0.44655862
1157_01,0.10778049
1158_01,0.44615722
1158_02,0.46964145
1159_01,0.53704387
1159_02,0.21889976
1159_03,0.30959058
1160_01,0.39196247
1164_01,0.08515204
1171_01,-0.20228563
1172_01,0.85306364
1176_01,0.4552466
1181_01,0.14381358
1183_01,0.9330026
1183_02,0.025178108
1183_03,1.007177
1184_01,0.9956892
1184_02,0.43807492
1189_01,0.0031556487
1194_01,0.1488708
1196_01,-0.008344597
1196_02,0.21845528
1200_01,1.033511
1201_01,0.055439238
1201_02,0.99992067
1202_01,0.04311868
1204_01,0.3677968
1205_01,0.033324625
1207_01,0.17277676
1207_02,0.61579615
1207_03,0.55462825
1207_04,0.53501797
1209_01,-0.0051734415
1209_02,0.37014672
1217_01,1.0179993
1217_02,0.97542375
1219_01,0.15879731
1219_02,1.0005987
1224_01,1.0005158
1224_02,1.154189
1226_01,1.0176271
1226_02,1.0730051
1227_01,0.8695567
1237_01,0.7895924
1241_01,0.14438008
1244_01,1.0259466
1245_01,0.47737184
1247_01,0.97683054
1249_01,0.31354746
1251_01,0.9779628
1252_01,0.4550684
1253_01,0.20982507
1257_01,0.9999073
1257_02,1.0030136
1257_03,0.7256568
1257_04,1.1430322
1262_01,0.7741423
1262_02,0.030514054
1265_01,0.43182358
1266_01,0.10346521
1268_01,0.9805919
1270_01,1.0948286
1272_01,0.17749895
1275_01,0.15617596
1276_01,0.48212743
1277_01,0.25358984
1290_01,0.011298588
1296_01,0.5282621
1297_01,1.1266663
1298_01,0.25787547
1301_01,0.17921072
1301_02,0.040402435
1301_03,0.49047852
1303_01,0.4756341
1305_01,0.8498166
1313_01,0.6870349
1314_01,0.1265159
1315_01,0.7186663
1318_01,1.008027
1319_01,0.13933551
1319_02,0.020787679
1320_01,0.56971383
1320_02,0.46530506
1320_03,0.46530506
1321_01,0.68339354
1321_02,0.9558486
1321_03,0.1282249
1321_04,0.34842703
1327_01,0.47373745
1329_01,0.16253382
1334_01,0.16102654
1338_01,1.0309535
1338_02,0.9913909
1339_01,0.5302109
1341_01,0.05755105
1341_02,0.32447454
1341_03,0.5276967
1343_01,-0.05287607
1343_02,0.85870284
1343_03,-0.14427873
1344_01,0.28080902
1346_01,0.19418082
1349_01,0.61103565
1349_02,0.6629888
1354_01,0.2329853
1354_02,0.5341957
1354_03,1.0459559
1354_04,0.9371364
1354_05,0.9988797
1354_06,1.0026284
1354_07,0.5729832
1358_01,0.953755
1358_02,0.21408172
1359_01,0.3081823
1361_01,0.9511389
1361_02,0.0038853812
1363_01,0.33796754
1364_01,0.5994613
1364_02,0.28384337
1367_01,0.64791095
1369_01,0.47884044
1369_02,0.7537303
1369_03,1.0184616
1372_01,0.5448445
1373_01,0.24622394
1374_01,1.0041142
1388_01,0.618772
1392_01,0.07804178
1394_01,0.35783756
1396_01,0.4289295
1405_01,0.5798153
1409_01,0.093778126
1409_02,0.5338858
1411_01,0.63706475
1418_01,0.57205737
1422_01,1.0465142
1422_02,-0.3473395
1422_03,0.08166682
1429_01,0.41232994
1432_01,0.24975109
1432_02,0.12932028
1436_01,0.46675158
1437_01,0.16465053
1441_01,0.21661115
1446_01,0.24709527
1448_01,0.5009966
1449_01,-0.042445894
1456_01,0.26456857
1459_01,0.13542292
1464_01,0.49340796
1466_01,0.31449085
1468_01,0.7650982
1469_01,0.07111086
1469_02,-0.21994855
1470_01,0.62911963
1471_01,0.3707279
1471_02,0.5389882
1471_03,0.74302244
1471_04,0.51241183
1471_05,0.18572606
1472_01,0.79352343
1473_01,0.2226406
1473_02,-0.22412276
1475_01,0.5369239
1476_01,0.31068274
1477_01,0.30190754
1477_02,0.1702081
1480_01,0.66305244
1482_01,0.79920024
1483_01,0.23031946
1486_01,0.5077626
1487_01,1.0208685
1487_02,0.52270526
1492_01,-0.0980143
1492_02,0.121609986
1494_01,0.07880741
1495_01,0.04019017
1495_02,0.69273674
1496_01,0.41071695
1497_01,1.0468142
1497_02,1.0430335
1502_01,0.11058989
1502_02,0.88243395
1502_03,1.0416889
1502_04,0.99086535
1504_01,0.121144675
1505_01,0.22592239
1508_01,0.22420596
1512_01,0.20660932
1513_01,0.6805634
1514_01,0.73773396
1516_01,0.45006257
1517_01,0.25221834
1518_01,0.07143257
1518_02,0.43645397
1519_01,0.35828918
1522_01,0.9487489
1530_01,0.8875103
1534_01,0.11905892
1534_02,0.12810841
1535_01,-0.08617144
1537_01,1.2112397
1538_01,-0.028947346
1538_02,0.20749816
1546_01,0.7960369
1549_01,0.7978745
1553_01,0.95639235
1553_02,0.07312659
1554_01,0.80039203
1554_02,0.5437449
1556_01,0.79570705
1557_01,1.0938231
1559_01,1.0258008
1559_02,0.97677267
1563_01,0.9952924
1566_01,1.0400027
1570_01,0.0027301246
1571_01,0.30911458
1574_01,0.4856009
1575_01,0.69422644
1582_01,0.32300982
1582_02,0.8022619
1583_01,0.9052613
1586_01,0.27492166
1587_01,0.7424356
1587_02,0.6645085
1589_01,0.022610169
1591_01,-0.06331955
1591_02,1.2362976
1598_01,0.356415
1598_02,0.65972954
1600_01,0.049453724
1605_01,0.15365618
1607_01,0.71982706
1609_01,0.17835069
1610_01,1.0000463
1616_01,0.59207743
1618_01,-0.030778818
1620_01,0.08054751
1623_01,0.09468289
1627_01,0.695347
1629_01,0.99994564
1629_02,1.1629666
1629_03,0.9586784
1629_04,0.8722129
1629_05,1.127298
1629_06,1.0387626
1639_01,0.27797312
1641_01,0.98837876
1642_01,-0.25620514
1643_01,0.17356834
1648_01,0.78840464
1652_01,0.5600605
1654_01,-0.07158887
1664_01,0.647962
1665_01,0.98329836
1665_02,1.0585537
1667_01,-0.16494772
1675_01,0.80203915
1678_01,0.063034736
1679_01,0.25224707
1680_01,-0.07980443
1680_02,1.0259321
1683_01,0.07171979
1684_01,0.11109264
1686_01,0.35650596
1689_01,1.0969759
1689_02,0.9794647
1689_03,0.8454384
1692_01,0.5853669
1693_01,0.43367016
1701_01,0.6456245
1702_01,0.5878807
1703_01,0.5232292
1706_01,0.12032625
1707_01,0.2827901
1716_01,0.274622
1720_01,0.1736014
1722_01,0.09659786
1726_01,0.19001622
1726_02,0.8675159
1726_03,0.49042025
1732_01,0.5373127
1735_01,-0.09411842
1737_01,0.11377367
1741_01,0.6689658
1741_02,0.6622508
1741_03,0.5460302
1743_01,0.21053834
1744_01,0.37272343
1750_01,0.46489793
1751_01,0.9195924
1751_02,0.9485863
1754_01,0.6573061
1756_01,0.2392864
1759_01,0.91425043
1765_01,0.6020166
1773_01,0.12339723
1777_01,0.0038787061
1777_02,1.0040963
1780_01,0.32845262
1784_01,0.08371111
1787_01,0.62540454
1788_01,0.3053027
1789_01,0.18803483
1790_01,0.40612882
1790_02,0.40612882
1791_01,1.0113121
1791_02,0.90862757
1793_01,-0.05781358
1793_02,0.4060424
1794_01,0.1784632
1795_01,0.3358616
1801_01,0.74824166
1801_02,-0.005607445
1809_01,0.55566114
1814_01,0.19006875
1814_02,0.6444756
1814_03,0.5303932
1815_01,0.9612373
1819_01,-0.0919629
1820_01,0.21485002
1824_01,0.23455586
1825_01,0.8786607
1825_02,0.4227839
1830_01,0.6558947
1832_01,0.07386064
1835_01,1.0149105
1835_02,1.016334
1837_01,1.0049616
1838_01,1.0293882
1839_01,0.029436972
1840_01,0.6143023
1842_01,0.23218271
1845_01,-0.083953835
1851_01,0.13232505
1851_02,0.97575915
1852_01,0.99929184
1852_02,0.71501446
1852_03,0.9731276
1852_04,1.0092974
1858_01,0.9403047
1862_01,0.18296716
1862_02,0.16681644
1862_03,0.33601347
1867_01,1.0998147
1869_01,0.09055153
1870_01,0.031945463
1875_01,0.26233813
1876_01,0.043014284
1883_01,0.37183034
1885_01,0.34562683
1893_01,1.1042985
1894_01,0.9880027
1895_01,0.4246166
1896_01,0.046146102
1900_01,0.60435724
1904_01,-0.23740597
1909_01,1.0837992
1909_02,1.0496243
1909_03,0.1753467
1910_01,0.710413
1910_02,0.118172646
1910_03,0.13875584
1910_04,0.87503916
1912_01,0.041523278
1913_01,0.8622558
1913_02,0.71801966
1913_03,0.8962751
1914_01,0.3587706
1917_01,0.50959265
1919_01,0.4816782
1921_01,-0.06211
1921_02,0.0517416
1924_01,0.42420235
1929_01,-0.08110127
1930_01,0.08114481
1932_01,-0.023224395
1934_01,0.32002783
1936_01,-0.011098301
1943_01,0.40985027
1944_01,0.15415472
1948_01,-0.05470204
1948_02,0.9764909
1949_01,0.014165284
1951_01,0.9983844
1951_02,-0.012658711
1954_01,0.17918023
1955_01,0.32138053
1958_01,-0.03382821
1965_01,0.4898761
1966_01,0.16499852
1970_01,0.022203928
1972_01,0.3975141
1982_01,-0.0209114
1986_01,0.9433189
1987_01,0.3625751
1989_01,0.4386325
1990_01,0.9346773
1990_02,1.0210778
1998_01,0.2486903
2002_01,0.7650912
2004_01,0.5145698
2005_01,0.11195371
2005_02,0.51884013
2008_01,0.15182275
2014_01,0.9184508
2016_01,0.9076127
2016_02,0.085951634
2017_01,0.3898051
2017_02,-0.14591105
2018_01,0.4348929
2020_01,0.6603488
2021_01,0.49495575
2023_01,0.5534599
2023_02,0.4348929
2023_03,0.52356935
2025_01,-0.19258323
2030_01,0.54016525
2031_01,0.04123995
2033_01,0.19960447
2035_01,-0.06447935
2035_02,0.910769
2036_01,0.5609762
2036_02,0.50569475
2036_03,0.43031308
2037_01,0.9785057
2037_02,-0.15144564
2039_01,0.90442824
2039_02,0.95951194
2039_03,0.9346773
2047_01,0.56714004
2048_01,0.37415022
2049_01,0.5231943
2050_01,0.07154833
2057_01,0.23225927
2057_02,0.40047938
2057_03,0.26140532
2057_04,0.33939987
2057_05,0.6167291
2058_01,0.24428485
2064_01,0.94585556
2068_01,0.9874618
2068_02,0.97557694
2068_03,0.84102124
2068_04,0.013279388
2068_05,0.7051964
2069_01,-0.117249124
2072_01,0.19403365
2072_02,0.12607901
2076_01,0.98895025
2077_01,-0.06235025
2078_01,0.940327
2079_01,0.7480135
2079_02,-0.04767889
2079_03,0.099778965
2093_01,0.041576345
2098_01,0.1345995
2101_01,0.5469796
2101_02,0.2339885
2103_01,-0.07752186
2108_01,0.4962424
2108_02,0.008734357
2109_01,0.37889567
2113_01,0.4502154
2119_01,0.15090193
2119_02,0.3136255
2122_01,0.14757124
2132_01,0.35154983
2146_01,0.8467333
2146_02,1.0724412
2151_01,0.53441197
2155_01,0.43491572
2157_01,0.11053231
2160_01,0.09214978
2160_02,1.0913135
2160_03,1.1161839
2165_01,0.68388414
2166_01,0.44004908
2169_01,-0.0796729
2170_01,-0.04618131
2174_01,0.060027517
2176_01,0.5625727
2178_01,0.3031024
2181_01,0.021086514
2184_01,1.012558
2184_02,0.9124008
2185_01,1.0052835
2192_01,0.10327225
2197_01,0.26958197
2199_01,0.27144527
2208_01,0.13386793
2213_01,0.046632394
2214_01,0.008039371
2216_01,0.3753228
2217_01,0.35889375
2218_01,0.53387725
2222_01,1.0133648
2226_01,0.57112247
2227_01,0.9860753
2230_01,0.16701844
2236_01,0.45657212
2240_01,0.5473028
2240_02,0.11626919
2240_03,0.65559584
2242_01,0.73569673
2244_01,0.6445227
2245_01,1.0503978
2245_02,1.0071889
2246_01,0.37084752
2246_02,0.18278667
2247_01,0.10046598
2248_01,0.17665999
2249_01,0.5646347
2250_01,0.059788886
2259_01,0.183286
2259_02,1.122214
2260_01,1.0911795
2265_01,0.019475758
2271_01,0.25265583
2276_01,0.46751928
2276_02,0.011888493
2283_01,-0.121256076
2285_01,-0.00046065036
2286_01,-0.099391595
2290_01,0.5935442
2292_01,0.5815385
2293_01,1.0124544
2294_01,0.9522969
2297_01,0.027815748
2304_01,0.36668804
2307_01,0.33725244
2307_02,0.35156578
2307_03,0.5033269
2307_04,0.9462906
2307_05,0.34879723
2322_01,0.014569312
2323_01,-0.08047487
2324_01,0.20949098
2326_01,0.37961137
2328_01,0.032429453
2330_01,0.13123801
2331_01,0.93994623
2334_01,-0.01012976
2335_01,0.49002632
2337_01,0.61091757
2342_01,0.008110394
2343_01,0.9969258
2343_02,0.4964984
2344_01,0.014700505
2344_02,1.046652
2346_01,0.038685344
2350_01,0.20910642
2350_02,-0.017012913
2350_03,0.98228824
2351_01,0.22377291
2351_02,0.15248114
2352_01,0.17972812
2354_01,0.08674081
2355_01,0.96732074
2355_02,0.95139515
2355_03,0.05699913
2355_04,1.029549
2358_01,0.04583212
2359_01,0.1583145
2362_01,0.564372
2370_01,0.19311805
2370_02,0.4704604
2370_03,0.32779682
2370_04,0.81428784
2371_01,0.4208482
2372_01,0.13527417
2378_01,0.34307796
2378_02,0.93018705
2380_01,-0.045441788
2380_02,1.0079857
2381_01,0.5110731
2383_01,0.6141234
2383_02,0.10458736
2386_01,0.9942807
2388_01,0.11479028
2388_02,0.61051524
2393_01,0.28809923
2394_01,0.030552693
2394_02,0.20566063
2394_03,0.24132046
2400_01,0.45838213
2405_01,0.063215934
2407_01,1.017566
2408_01,0.050693218
2415_01,0.92468655
2418_01,-0.10403724
2420_01,0.1997823
2422_01,-0.13862519
2422_02,0.96173227
2425_01,0.64433616
2425_02,0.8218303
2425_03,0.21529616
2425_04,0.39671075
2425_05,0.75262034
2425_06,0.5488778
2428_01,0.098492876
2430_01,0.49243507
2430_02,0.28343672
2430_03,-0.016866628
2434_01,0.49075946
2434_02,0.1809056
2437_01,-0.014252042
2440_01,0.49403775
2447_01,0.20554939
2448_01,1.0292944
2448_02,1.0393475
2450_01,-0.098541744
2459_01,0.63246524
2464_01,0.111754075
2465_01,0.3905973
2468_01,1.085296
2469_01,0.9192866
2469_02,0.10924706
2473_01,-0.0058588777
2481_01,0.55284244
2481_02,0.034359273
2482_01,-0.12223101
2482_02,-0.085909784
2484_01,1.018116
2484_02,0.19026591
2485_01,-0.03250103
2487_01,1.0643308
2487_02,1.011202
2487_03,0.25529683
2490_01,0.05867301
2493_01,0.10077884
2493_02,0.21571441
2494_01,0.96238023
2494_02,0.011591151
2495_01,0.18717311
2501_01,1.1318154
2504_01,0.18105419
2507_01,0.56820804
2511_01,0.7212521
2514_01,0.2658848
2517_01,0.9609871
2525_01,0.039923433
2529_01,0.36517686
2533_01,0.6299748
2536_01,1.0072608
2538_01,0.990274
2538_02,0.94725776
2539_01,0.32544714
2543_01,0.3907066
2554_01,0.35543224
2556_01,1.0090293
2563_01,0.6615424
2566_01,-0.07446659
2567_01,0.54619294
2567_02,0.96719664
2568_01,0.6584867
2569_01,0.5983779
2570_01,0.539744
2575_01,0.8303531
2576_01,0.9376381
2577_01,0.5674787
2577_02,0.32001853
2579_01,0.032644484
2583_01,0.47443113
2585_01,0.9560023
2586_01,0.58281654
2587_01,0.990535
2587_02,0.97739136
2600_01,1.0089269
2603_01,0.6108472
2603_02,0.54305375
2604_01,0.6780711
2608_01,0.61352915
2610_01,0.16048132
2611_01,-0.12382083
2612_01,0.21892394
2613_01,0.3343344
2614_01,0.17166474
2615_01,0.68287283
2620_01,0.755211
2621_01,0.07368859
2623_01,0.09657486
2630_01,0.28985828
2630_02,0.32001853
2630_03,0.43665957
2632_01,0.061774947
2637_01,0.17479475
2637_02,0.4750867
2637_03,0.44560164
2639_01,0.93539417
2644_01,0.1410524
2653_01,0.20628734
2654_01,0.11698839
2656_01,1.0341967
2665_01,0.08503829
2667_01,0.986554
2667_02,0.034756992
2667_03,0.14175491
2667_04,0.9697695
2667_05,0.9841629
2669_01,0.16519913
2673_01,0.7418098
2674_01,0.35746855
2674_02,0.50293136
2680_01,-0.019247733
2681_01,0.7029573
2686_01,0.011050058
2689_01,0.19551744
2694_01,1.0774844
2694_02,0.8225557
2696_01,0.9234294
2699_01,0.48368037
2705_01,0.79211855
2710_01,0.99356014
2710_02,0.986226
2711_01,1.1896608
2715_01,0.095575035
2715_02,0.22871508
2716_01,0.0319151
2716_02,1.0700288
2719_01,0.29486197
2719_02,1.0221081
2719_03,0.041106325
2728_01,0.123467475
2731_01,0.648574
2733_01,0.13760006
2735_01,0.2855341
2742_01,0.7319724
2744_01,-0.11865091
2749_01,0.60839075
2757_01,0.014488343
2761_01,0.047080494
2761_02,0.7094409
2766_01,0.74520934
2767_01,-0.05858755
2771_01,0.079148114
2775_01,0.17970566
2776_01,0.50917596
2777_01,0.84926564
2779_01,0.44946915
2782_01,0.10358947
2791_01,0.06422797
2794_01,-0.04773287
2794_02,0.054811098
2794_03,0.9060222
2794_04,0.9867728
2794_05,0.11504375
2794_06,1.0357282
2794_07,0.9995791
2800_01,0.6044778
2803_01,1.0578151
2804_01,0.5645908
2808_01,1.0751915
2808_02,1.0229876
2815_01,0.1598161
2815_02,0.62144434
2815_03,0.7000411
2816_01,1.082043
2827_01,0.74070954
2828_01,0.091940686
2829_01,0.54865086
2830_01,0.6196547
2833_01,0.7633264
2836_01,1.0327759
2841_01,0.025274081
2842_01,0.58823234
2844_01,0.060928542
2845_01,1.0143766
2845_02,1.0960827
2848_01,1.1202496
2848_02,1.0291672
2848_03,0.99548095
2849_01,0.34554186
2850_01,0.96050864
2850_02,1.1305676
2850_03,0.2639263
2850_04,0.94754887
2851_01,0.20019677
2855_01,1.015824
2864_01,0.4656404
2868_01,0.2586838
2868_02,0.59329647
2868_03,0.60380095
2868_04,1.0773232
2874_01,0.11941341
2879_01,0.085766844
2885_01,-0.038482472
2886_01,-0.088678084
2889_01,0.022731367
2895_01,1.0073253
2896_01,0.0678215
2898_01,0.85676306
2898_02,0.897914
2903_01,0.1383287
2904_01,0.24369223
2904_02,1.0183543
2911_01,0.4837132
2914_01,1.0055419
2915_01,0.9092254
2916_01,0.8808701
2917_01,-0.08489814
2918_01,0.41975987
2921_01,0.45822772
2922_01,0.7579804
2923_01,0.65746975
2924_01,-0.05745462
2931_01,0.39071655
2931_02,-0.0022552086
2932_01,1.0267557
2933_01,0.3082242
2937_01,0.29733625
2939_01,0.85606956
2946_01,-0.0614919
2946_02,0.04146023
2946_03,0.13678001
2946_04,-0.106852934
2947_01,0.48453906
2951_01,0.100601226
2952_01,0.0075184004
2955_01,0.07335823
2957_01,0.49733672
2963_01,0.48980117
2967_01,0.3198268
2973_01,0.058705814
2974_01,-0.016502513
2976_01,0.9223195
2976_02,0.930183
2976_03,0.94139296
2976_04,0.11340383
2977_01,0.25360328
2977_02,0.23921223
2977_03,0.12751018
2978_01,-0.055454962
2980_01,0.37771073
2981_01,0.85711426
2985_01,0.50974435
2987_01,0.60050046
2989_01,0.22562052
2991_01,0.14591298
2997_01,0.9722091
2997_02,-0.30940408
2997_03,0.15866539
2997_04,0.9901651
2999_01,0.40230495
3002_01,0.2833644
3007_01,0.080748074
3008_01,0.9154514
3008_02,-0.26353666
3008_03,0.94582367
3008_04,0.46864176
3008_05,1.0217737
3008_06,1.0210258
3011_01,0.46728763
3016_01,0.2584174
3016_02,0.67463344
3016_03,0.67463344
3016_04,0.45139834
3017_01,0.6803945
3028_01,0.5355735
3031_01,1.0365542
3035_01,0.2870245
3037_01,0.9894999
3037_02,0.9957396
3041_01,0.20970927
3043_01,0.5186739
3046_01,0.7080969
3049_01,-0.03794273
3051_01,0.047089715
3052_01,0.12041962
3056_01,0.65711164
3057_01,0.31286848
3058_01,-0.04526927
3059_01,0.94799113
3069_01,0.28749296
3072_01,0.86199045
3074_01,0.7094618
3075_01,0.571648
3077_01,0.95899755
3077_02,0.95488393
3078_01,0.22816421
3078_02,0.25689486
3078_03,0.9534031
3078_04,-0.04245512
3086_01,0.5966794
3089_01,0.62486356
3094_01,0.68684626
3097_01,1.3037733
3098_01,-0.14537175
3101_01,-0.0029203827
3105_01,0.98963416
3105_02,0.6382364
3105_03,1.0062679
3106_01,0.48074305
3107_01,0.8143274
3108_01,0.42459837
3109_01,0.7503376
3115_01,0.8275662
3122_01,0.16289446
3122_02,0.32367346
3125_01,-0.12563369
3125_02,-0.16581206
3127_01,1.0189682
3129_01,0.619049
3135_01,0.15723658
3137_01,0.6636644
3139_01,0.29175225
3141_01,0.89738053
3144_01,0.016537514
3146_01,0.031610753
3148_01,0.5443954
3148_02,0.2244276
3150_01,0.2297719
3151_01,1.0804145
3153_01,0.19129747
3153_02,0.39739034
3154_01,0.62267
3155_01,1.0401454
3155_02,0.75928515
3156_01,0.25688958
3157_01,0.022050317
3160_01,-0.0797707
3165_01,0.12346324
3167_01,0.70060253
3170_01,0.5099143
3173_01,0.5961362
3177_01,0.087126024
3178_01,0.93828034
3183_01,0.24455124
3186_01,0.804769
3187_01,0.33751497
3190_01,0.08177218
3190_02,0.4949937
3194_01,0.2014713
3198_01,-0.037911054
3199_01,0.830455
3202_01,0.48296914
3207_01,0.20859456
3208_01,0.38466656
3214_01,0.9754794
3222_01,0.37272027
3226_01,1.0669466
3228_01,0.070257396
3231_01,0.77783203
3233_01,0.42714313
3234_01,0.20881708
3242_01,0.17544125
3244_01,0.966549
3244_02,0.9707447
3244_03,1.0108355
3245_01,0.25487027
3245_02,-0.23306422
3246_01,0.38948745
3249_01,0.015217678
3249_02,0.32991818
3250_01,0.2200993
3251_01,0.10154646
3257_01,1.1240891
3261_01,0.2714027
3263_01,1.0553297
3264_01,0.2717676
3265_01,-0.08585968
3265_02,1.0319655
3265_03,0.97917485
3265_04,1.0206149
3266_01,0.1469447
3267_01,0.9521447
3277_01,-0.092547394
3278_01,1.0077733
3281_01,1.1032877
3285_01,0.29225764
3285_02,0.51580924
3286_01,0.023887258
3288_01,0.92909133
3290_01,1.0345714
3290_02,-0.12841542
3291_01,0.77468723
3302_01,-0.043262165
3303_01,-0.008415287
3306_01,-0.06028745
3307_01,0.706742
3316_01,1.2193449
3320_01,-0.020747663
3320_02,0.04807402
3321_01,1.0658276
3333_01,0.40471503
3334_01,0.53647417
3335_01,0.04937794
3340_01,-0.038736474
3341_01,0.9338831
3341_02,0.085854955
3344_01,0.9633076
3344_02,0.9564712
3345_01,0.62961453
3345_02,0.19856025
3345_03,0.70619977
3346_01,0.058055148
3347_01,1.1329236
3347_02,0.16079895
3351_01,0.76340264
3351_02,0.73043865
3354_01,0.007704122
3355_01,0.6996539
3356_01,0.09953548
3358_01,0.104936786
3362_01,0.11123495
3362_02,0.4277517
3366_01,0.97245395
3367_01,0.5339114
3368_01,0.46362874
3368_02,0.51962966
3368_03,0.035035614
3368_04,0.46362874
3368_05,0.76578254
3368_06,0.09141571
3368_07,-0.09958527
3369_01,0.34265593
3373_01,0.61408556
3374_01,0.11891217
3375_01,0.31664255
3376_01,0.6611588
3378_01,0.34560204
3379_01,0.472199
3385_01,0.4777424
3388_01,0.7924504
3393_01,0.30741155
3398_01,0.89822143
3399_01,0.07717749
3400_01,0.6449388
3407_01,0.5917057
3407_02,0.2600243
3411_01,0.22645107
3411_02,0.19997059
3411_03,0.089195386
3411_04,-0.085727215
3411_05,1.0522286
3411_06,1.035348
3411_07,0.25102988
3414_01,0.023551911
3416_01,0.19723615
3427_01,0.4905736
3429_01,0.8915875
3435_01,-0.03432713
3436_01,0.7119735
3448_01,0.3334197
3448_02,0.24713594
3451_01,-0.06877575
3452_01,0.19294478
3457_01,0.60941726
3460_01,0.16137317
3463_01,0.5351815
3466_01,-0.098114304
3471_01,-0.11470626
3472_01,0.59478664
3477_01,0.012702187
3477_02,1.0678216
3479_01,0.23861913
3481_01,-0.14757413
3482_01,0.039277747
3482_02,0.6945515
3493_01,0.4729254
3494_01,-0.010317663
3494_02,0.96687704
3498_01,0.45411375
3500_01,0.1604495
3502_01,-0.076110385
3503_01,0.4200454
3505_01,0.31247398
3507_01,0.563626
3508_01,0.31095004
3508_02,0.71053225
3509_01,1.0474418
3509_02,0.24375325
3510_01,0.9284209
3513_01,1.0308241
3513_02,1.0029315
3513_03,0.8260336
3513_04,0.96540916
3516_01,-0.09937378
3517_01,0.3113892
3522_01,0.65088093
3524_01,0.12967592
3526_01,0.13277832
3529_01,0.9320156
3532_01,0.9258546
3538_01,0.07045033
3541_01,0.23896074
3544_01,0.1299786
3544_02,0.79794186
3545_01,0.12488051
3549_01,-0.07030205
3549_02,0.9822774
3551_01,-0.046044838
3554_01,0.20380087
3557_01,0.06896353
3571_01,0.65881866
3574_01,0.17093226
3575_01,0.21475337
3580_01,0.9046419
3580_02,0.9892665
3581_01,0.3574681
3583_01,-0.06577409
3585_01,0.82543135
3587_01,0.7054824
3587_02,0.46933034
3587_03,0.8585523
3589_01,-0.15394473
3589_02,0.68796134
3589_03,0.58920807
3589_04,0.3853203
3589_05,0.24021487
3589_06,0.5566897
3589_07,0.63977414
3590_01,0.31006518
3593_01,0.6234396
3599_01,0.60903054
3601_01,-0.03859437
3601_02,0.53063595
3601_03,0.30524942
3601_04,0.7339524
3601_05,0.526083
3601_06,0.121249005
3601_07,0.361599
3603_01,1.0461236
3603_02,0.888761
3604_01,0.75916255
3611_01,0.6736477
3617_01,0.13385625
3617_02,0.43118382
3617_03,0.267451
3618_01,1.0418032
3618_02,0.079674974
3618_03,0.57427526
3618_04,-0.077779055
3621_01,0.07482089
3621_02,0.07361308
3623_01,0.6871611
3627_01,1.0744209
3632_01,0.35017872
3633_01,0.7633735
3635_01,0.70697594
3635_02,-0.07256192
3637_01,-0.020057071
3638_01,0.18600763
3643_01,0.64112973
3646_01,0.20528099
3646_02,0.6446344
3649_01,0.02353369
3651_01,0.99242246
3656_01,0.40635127
3656_02,-0.056238092
3657_01,1.0583372
3657_02,0.9315983
3657_03,0.5493721
3659_01,0.62368375
3659_02,0.4358715
3659_03,0.67470485
3659_04,0.3753749
3659_05,-0.009201194
3659_06,0.69294995
3659_07,0.5478755
3661_01,0.051930394
3663_01,0.9617857
3666_01,0.7573084
3669_01,0.42796296
3670_01,0.8671402
3672_01,0.114866495
3672_02,0.3549034
3673_01,0.3473555
3675_01,0.35593033
3675_02,0.6379519
3675_03,0.7590622
3676_01,1.0487897
3683_01,1.0066131
3683_02,0.98950464
3684_01,0.64823747
3684_02,0.34834152
3685_01,0.9147046
3687_01,0.7930958
3689_01,0.18033625
3694_01,0.706049
3695_01,0.09516554
3696_01,1.0529089
3697_01,0.031856533
3698_01,0.064210825
3701_01,0.96333015
3701_02,0.47063616
3701_03,0.9628829
3709_01,0.81304973
3712_01,0.9749247
3712_02,0.6438
3712_03,0.8843957
3712_04,0.7502363
3712_05,0.6240095
3717_01,0.015699858
3717_02,0.8072932
3718_01,1.0284407
3720_01,1.0169541
3720_02,0.8511007
3720_03,1.0005863
3721_01,0.0834679
3722_01,0.32090536
3723_01,0.53072524
3725_01,0.8010398
3727_01,0.18841021
3730_01,0.9822787
3731_01,0.844843
3738_01,1.0030774
3740_01,0.07304031
3746_01,0.12671177
3746_02,0.4895372
3746_03,0.54120487
3746_04,0.4505345
3762_01,0.5332691
3763_01,0.043282628
3764_01,0.49010184
3764_02,0.20997913
3766_01,0.9985261
3766_02,1.0153757
3780_01,1.0918678
3782_01,-0.10433371
3782_02,-0.016078208
3791_01,0.344531
3792_01,0.6415949
3794_01,0.83404726
3799_01,0.53605
3800_01,0.19526885
3802_01,0.04874152
3806_01,0.83404726
3808_01,0.46047154
3809_01,0.070813045
3809_02,0.37202045
3813_01,0.48782992
3819_01,0.1543948
3825_01,-0.03465043
3827_01,0.3236332
3828_01,1.0489843
3828_02,-0.1418425
3828_03,0.77509993
3829_01,0.46144605
3829_02,0.89810044
3833_01,1.0418954
3834_01,0.74687713
3837_01,0.28376836
3840_01,-0.11646558
3843_01,1.0256218
3844_01,0.20371345
3844_02,0.9346194
3845_01,0.4994954
3855_01,0.5994436
3858_01,0.88450813
3858_02,0.9274031
3858_03,0.09063035
3858_04,-0.02090934
3859_01,0.93479836
3860_01,0.7947132
3861_01,-0.017718818
3863_01,0.4391243
3865_01,0.8781917
3869_01,0.43326166
3876_01,1.0140008
3876_02,0.54728335
3876_03,1.0242218
3877_01,-0.06617466
3878_01,0.17170025
3880_01,0.5966644
3881_01,0.47321084
3882_01,1.0097094
3884_01,-0.021581072
3885_01,0.024575729
3887_01,0.99842197
3889_01,0.554818
3889_02,0.3390004
3891_01,0.72223383
3892_01,0.41521698
3892_02,-0.055868775
3893_01,-0.10298683
3893_02,0.98567384
3893_03,0.17872964
3900_01,0.334727
3901_01,1.0554535
3902_01,1.0182527
3905_01,0.8660536
3906_01,-0.18629017
3906_02,0.17115022
3908_01,0.5358184
3908_02,0.50565946
3910_01,0.83404726
3914_01,0.18543571
3918_01,0.044310115
3920_01,-0.09533452
3925_01,-0.04065826
3925_02,0.12892662
3929_01,0.71975505
3934_01,1.000173
3934_02,0.35763955
3943_01,0.92955554
3943_02,0.6557157
3943_03,0.078614414
3947_01,-0.07282946
3951_01,0.054262705
3953_01,0.47220963
3956_01,0.45858958
3957_01,0.5006745
3965_01,0.26789573
3969_01,0.11749999
3972_01,0.97923565
3975_01,0.11331364
3978_01,0.61286616
3979_01,-0.10034917
3982_01,-0.08887874
3983_01,-0.05605388
3989_01,0.72720397
3989_02,0.71449095
3989_03,0.66827446
3989_04,0.42542133
3990_01,0.65300816
3993_01,0.008611075
4004_01,0.23265982
4007_01,0.14723097
4011_01,1.0035137
4012_01,0.7923063
4012_02,0.91773415
4015_01,0.93458813
4015_02,0.14079659
4024_01,0.9526841
4025_01,0.7862832
4028_01,0.70966583
4029_01,0.9306462
4041_01,0.62747204
4048_01,0.96523744
4048_02,0.9446033
4048_03,0.47922847
4051_01,0.5397986
4052_01,0.77326524
4054_01,0.966998
4054_02,1.0040305
4054_03,0.1658852
4056_01,0.22720335
4057_01,0.30320087
4059_01,0.78819704
4059_02,0.024844859
4062_01,0.34937257
4067_01,0.3220288
4070_01,0.93904775
4070_02,0.9444697
4070_03,0.8627478
4073_01,0.24359205
4073_02,0.51876706
4074_01,0.28739572
4077_01,-0.107484475
4085_01,0.41081816
4086_01,0.3730515
4086_02,0.7883079
4086_03,0.60784113
4087_01,0.5780637
4088_01,0.5429469
4092_01,0.62795746
4094_01,0.0103354845
4094_02,0.13956866
4100_01,0.9152246
4105_01,0.28650463
4111_01,0.8391473
4117_01,0.28722855
4118_01,0.09235355
4119_01,0.68608356
4121_01,0.07567875
4122_01,0.46527976
4123_01,-0.006132554
4124_01,0.70856524
4126_01,-0.07709343
4133_01,1.0421873
4133_02,0.9133835
4136_01,0.82590437
4136_02,0.059809856
4138_01,-0.09714728
4139_01,0.24718541
4146_01,0.2923986
4148_01,0.23179175
4153_01,0.35499802
4155_01,0.99981755
4157_01,0.307618
4161_01,0.878306
4162_01,0.7763621
4164_01,0.9432878
4180_01,1.014867
4180_02,0.15402451
4187_01,0.17731185
4190_01,1.0484871
4192_01,0.3435182
4193_01,0.70654625
4195_01,0.287881
4198_01,0.88276184
4200_01,0.53727716
4201_01,0.599088
4202_01,0.9923377
4202_02,0.112281695
4209_01,0.49883625
4217_01,0.2704591
4224_01,0.049662396
4224_02,0.5484577
4226_01,0.93172044
4226_02,-0.03637321
4227_01,0.8298216
4228_01,0.09473484
4234_01,0.12934998
4234_02,0.13061734
4235_01,0.16432379
4235_02,1.0419908
4236_01,0.75623006
4236_02,0.9359078
4241_01,0.471873
4247_01,0.6290403
4247_02,0.04202433
4248_01,-0.16314024
4248_02,0.22123113
4250_01,0.30900767
4263_01,0.52456737
4263_02,0.8245416
4263_03,0.8245416
4265_01,1.0353211
4268_01,0.9565221
4268_02,0.9760845
4269_01,0.3183551
4275_01,0.21655448
4276_01,0.08086705
4277_01,0.45280004
4279_01,0.3053432
4281_01,0.39675844
4282_01,1.0072592
4283_01,0.48897392
4284_01,0.97901535
4284_02,0.038300585
4285_01,0.502701
4286_01,0.5302752
4286_02,0.3965052
4286_03,0.24763225
4287_01,0.4460985
4288_01,1.0367554
4288_02,0.3192115
4290_01,0.04087892
4298_01,-0.037083566
4298_02,0.9971847
4298_03,0.9594922
4299_01,0.47803414
4304_01,0.056626897
4307_01,0.9687269
4308_01,0.46082917
4310_01,0.13694084
4313_01,0.4569155
4314_01,0.46436498
4321_01,0.9654785
4322_01,0.8245416
4323_01,1.013869
4323_02,0.08381005
4323_03,0.38103768
4323_04,1.0118612
4325_01,0.6857884
4326_01,0.17788011
4328_01,0.47316957
4331_01,0.37478942
4341_01,1.0252515
4341_02,0.33848065
4342_01,0.6746108
4353_01,0.26111272
4355_01,0.40003565
4363_01,0.67097855
4374_01,0.2983413
4375_01,0.9868575
4377_01,0.8954989
4377_02,0.6516156
4377_03,0.9516091
4378_01,0.14670691
4378_02,0.027168604
4379_01,1.1542983
4380_01,0.60738015
4381_01,0.7147559
4381_02,0.21119894
4384_01,0.65802276
4385_01,0.53847164
4385_02,1.0209262
4385_03,0.8243512
4389_01,-0.0010030824
4394_01,0.3135355
4398_01,0.29272774
4406_01,0.3266826
4412_01,-0.06772536
4414_01,1.0205835
4417_01,1.0361836
4418_01,0.3214622
4419_01,0.07952161
4419_02,0.08987408
4420_01,0.35488117
4420_02,0.37385368
4421_01,0.47054073
4423_01,0.41561112
4425_01,1.052245
4425_02,0.2751775
4434_01,-0.052979097
4435_01,0.99802506
4435_02,0.72287005
4439_01,0.5874285
4439_02,0.45983085
4442_01,1.0619727
4443_01,0.6865652
4443_02,0.46966618
4454_01,1.1343983
4455_01,0.3462136
4455_02,0.23265454
4455_03,0.6282549
4458_01,0.44853655
4460_01,0.9383249
4468_01,0.8411314
4471_01,0.24765444
4478_01,0.1641567
4480_01,0.5071507
4481_01,0.53175503
4484_01,0.27889073
4488_01,0.21014008
4489_01,-0.07209283
4495_01,0.08549363
4499_01,0.3403385
4503_01,0.32628235
4504_01,0.9025204
4507_01,0.042653214
4513_01,0.4155553
4519_01,0.7056562
4520_01,0.08373276
4523_01,0.926976
4523_02,0.6995698
4523_03,0.15261984
4523_04,0.56692386
4523_05,0.926976
4523_06,0.57699823
4525_01,-0.20039894
4526_01,0.40819067
4527_01,0.00032940737
4528_01,0.7763652
4536_01,-0.121372424
4540_01,0.96003413
4541_01,0.20945945
4545_01,0.24794947
4548_01,1.046673
4551_01,1.26948
4551_02,1.1005102
4551_03,1.0405754
4551_04,1.0486715
4554_01,0.08535144
4556_01,0.5779176
4566_01,0.6266741
4578_01,0.2226486
4579_01,0.8728957
4582_01,0.8945746
4582_02,0.5722624
4582_03,0.5722624
4582_04,0.99748224
4582_05,0.97689635
4582_06,0.86639655
4582_07,0.57745034
4583_01,1.0452043
4583_02,1.0545273
4583_03,0.37345672
4584_01,0.11865792
4588_01,0.3356331
4589_01,0.24714108
4590_01,0.3360314
4598_01,-0.008136131
4599_01,0.88034314
4600_01,0.7799925
4600_02,0.37208226
4601_01,0.33244866
4614_01,0.13564384
4614_02,0.31202954
4616_01,0.39786246
4618_01,0.49324542
4619_01,1.0297906
4626_01,1.0572629
4626_02,0.3783567
4627_01,0.088174984
4629_01,0.30122456
4636_01,0.77312666
4639_01,1.1712853
4639_02,1.1712853
4639_03,0.027605537
4639_04,0.108081296
4639_05,1.01321
4639_06,0.6813841
4647_01,0.7226763
4660_01,1.0788853
4666_01,0.31521535
4669_01,0.99793476
4670_01,0.4660711
4671_01,0.9033627
4671_02,0.48066413
4671_03,0.50449735
4671_04,0.94584715
4674_01,0.040852286
4675_01,0.476248
4675_02,0.038863506
4681_01,-0.15701938
4682_01,0.7646493
4683_01,0.94953
4683_02,0.52273536
4685_01,1.0211079
4687_01,-0.016208176
4688_01,0.28328907
4692_01,0.068741776
4697_01,0.92430615
4698_01,0.99379855
4700_01,0.9579042
4701_01,0.95049244
4701_02,0.98940295
4701_03,0.96262455
4701_04,0.9590543
4702_01,0.9855371
4702_02,0.38179195
4703_01,0.8426745
4703_02,0.9993101
4705_01,0.7075135
4705_02,0.09006941
4707_01,0.14432468
4707_02,0.15097131
4715_01,0.63265246
4716_01,0.4092523
4718_01,1.0124097
4722_01,0.17338994
4724_01,0.9530474
4727_01,0.28811893
4727_02,0.46071407
4729_01,0.029369425
4731_01,0.3663836
4734_01,-0.11389274
4735_01,0.14463174
4736_01,0.99668217
4737_01,0.13658495
4740_01,1.0277761
4742_01,0.07739742
4745_01,0.426229
4747_01,1.0772309
4747_02,0.5072711
4749_01,0.043104723
4751_01,0.27448794
4760_01,0.7438732
4761_01,0.63297176
4761_02,0.42610347
4761_03,0.36260638
4765_01,0.81946033
4766_01,0.96472126
4767_01,0.5097297
4768_01,0.47677937
4768_02,0.9530474
4771_01,0.9979429
4776_01,0.91310906
4776_02,0.42671034
4776_03,0.9821568
4776_04,0.9047772
4779_01,0.011503439
4781_01,0.13122481
4789_01,0.3663245
4799_01,0.284889
4799_02,0.16702062
4799_03,0.122120626
4800_01,0.3776212
4802_01,0.34256938
4802_02,0.35737246
4805_01,0.715933
4806_01,0.55405027
4809_01,-0.20413065
4811_01,0.86442924
4812_01,0.87105036
4816_01,0.35144672
4820_01,0.9388442
4820_02,0.23052223
4821_01,0.7674271
4824_01,1.0436614
4825_01,1.0133108
4826_01,0.9345354
4833_01,0.06438126
4833_02,0.22099783
4834_01,0.9096844
4835_01,0.046849567
4839_01,-0.08215563
4843_01,0.100608
4843_02,0.040932644
4844_01,0.6705842
4849_01,1.0187298
4852_01,0.67785835
4854_01,1.0228996
4855_01,0.70310456
4855_02,0.6242199
4858_01,-0.033978198
4859_01,0.8655389
4860_01,0.43979087
4861_01,0.26876447
4865_01,0.119477995
4867_01,0.055736218
4869_01,0.13025557
4872_01,0.47350663
4877_01,0.31362325
4894_01,0.9597281
4905_01,0.7110427
4906_01,0.41894782
4907_01,0.9596026
4908_01,0.17168239
4914_01,0.12955052
4919_01,0.7495774
4921_01,-0.14249262
4922_01,0.91363984
4926_01,-0.065646924
4928_01,0.4260981
4931_01,0.8544922
4935_01,0.02116536
4935_02,0.6781844
4935_03,0.56047314
4936_01,0.08330949
4947_01,0.4525436
4948_01,-0.0175962
4949_01,0.9682619
4949_02,-0.074431755
4953_01,0.9620449
4955_01,-0.023405924
4957_01,1.035095
4959_01,0.9890618
4960_01,0.1996875
4962_01,0.71275634
4966_01,1.0334208
4966_02,0.9417598
4967_01,0.6192998
4968_01,0.33740625
4969_01,0.15115434
4969_02,0.6962767
4971_01,1.1033151
4976_01,0.4282665
4982_01,0.8648053
4984_01,0.49920315
4984_02,0.5816137
4985_01,0.9369423
4986_01,0.15014847
4988_01,0.95774144
4993_01,0.642044
4994_01,0.33019
5001_01,0.5207189
5002_01,0.95673436
5011_01,0.77936643
5022_01,0.2490514
5024_01,0.87635547
5024_02,0.61868435
5024_03,0.8214692
5024_04,0.6369776
5024_05,0.92509
5026_01,0.36316255
5029_01,0.9579042
5029_02,0.97493976
5030_01,0.9393712
5031_01,-0.011317634
5031_02,0.7974466
5033_01,0.37539905
5033_02,0.0021863058
5037_01,0.41881895
5038_01,0.003350617
5038_02,0.9847815
5041_01,0.5423483
5043_01,0.95108247
5043_02,0.95350534
5043_03,0.21697953
5045_01,1.0242656
5046_01,1.0376306
5047_01,1.0615492
5049_01,0.22399086
5053_01,0.12439019
5054_01,-0.12921397
5055_01,0.36228624
5056_01,1.1511785
5056_02,0.77271295
5066_01,0.5615094
5071_01,0.4906734
5075_01,0.65696275
5077_01,-0.033281066
5078_01,0.10966686
5079_01,0.99326086
5081_01,0.35395208
5082_01,0.6423748
5086_01,1.0454879
5086_02,0.38383985
5092_01,0.6924853
5094_01,0.66551226
5094_02,0.06383438
5096_01,0.1990085
5096_02,0.06886803
5098_01,0.533472
5098_02,0.5951687
5098_03,1.0185531
5099_01,0.662716
5100_01,1.0078812
5101_01,1.0303763
5102_01,0.28908804
5107_01,0.30183822
5110_01,1.021549
5113_01,0.23642357
5114_01,1.0250475
5117_01,0.09159561
5118_01,0.96286106
5119_01,0.14288126
5121_01,0.16242611
5123_01,0.084523246
5131_01,0.49160773
5131_02,1.0185131
5134_01,0.17922975
5135_01,0.25357664
5139_01,0.2859882
5141_01,0.9672674
5143_01,0.9090105
5147_01,0.85994864
5149_01,0.07617588
5149_02,1.0939826
5150_01,0.9759951
5153_01,1.0123843
5155_01,0.26668572
5159_01,0.63227844
5159_02,-6.271736e-05
5164_01,1.0471557
5164_02,1.0299302
5168_01,0.19273874
5169_01,0.13996421
5172_01,0.4741882
5178_01,0.89445674
5183_01,0.95573187
5189_01,1.1667684
5191_01,0.09260243
5195_01,0.078010075
5200_01,0.5429287
5203_01,0.97752404
5203_02,0.99357295
5212_01,0.5789713
5215_01,0.022669338
5219_01,0.9875151
5219_02,0.65369415
5222_01,0.9657855
5228_01,0.88769543
5228_02,1.0569056
5231_01,0.06508576
5232_01,0.024787065
5232_02,0.03544193
5233_01,0.7490891
5237_01,1.0131215
5241_01,0.15421915
5241_02,0.86590743
5245_01,0.66101485
5259_01,0.60412073
5261_01,0.34730968
5263_01,0.1840496
5267_01,0.5797665
5267_02,0.68316936
5267_03,0.9257899
5270_01,0.72846854
5283_01,0.262296
5284_01,0.88255894
5285_01,0.9611863
5286_01,0.29400995
5289_01,0.8827837
5293_01,0.25786397
5293_02,0.031180635
5294_01,0.82681584
5295_01,-0.08041553
5296_01,0.19904798
5302_01,1.0288283
5306_01,0.301113
5306_02,0.98520684
5308_01,1.0041738
5308_02,1.0117579
5308_03,0.7042938
5309_01,1.079886
5311_01,0.6392511
5317_01,0.67112464
5317_02,1.0579567
5318_01,0.6365262
5318_02,1.0162752
5319_01,-0.032114495
5321_01,0.5070478
5324_01,0.63028204
5328_01,0.97000223
5329_01,-0.16259474
5329_02,0.39355728
5329_03,0.7369936
5329_04,0.5874018
5329_05,0.35789526
5329_06,0.53695184
5329_07,0.5797665
5332_01,0.8842113
5335_01,1.0499288
5335_02,0.9862684
5335_03,0.16915901
5335_04,0.7241871
5336_01,0.56683487
5338_01,0.8787702
5339_01,0.27376214
5339_02,0.7736511
5339_03,1.0004413
5342_01,0.1864982
5349_01,0.5473435
5352_01,0.85850894
5357_01,0.83680636
5357_02,0.8635498
5357_03,0.19098212
5357_04,-0.22299016
5358_01,0.38205618
5364_01,0.982365
5369_01,0.4638605
5369_02,0.063759774
5369_03,0.9556083
5370_01,0.60364974
5371_01,1.0182705
5371_02,0.14880367
5371_03,0.9978606
5371_04,1.0661132
5373_01,0.35167676
5376_01,1.0195615
5376_02,0.98555744
5377_01,1.019843
5381_01,0.21256553
5382_01,1.0361232
5382_02,1.0658793
5386_01,0.6536124
5391_01,0.42917913
5393_01,-0.038814705
5398_01,1.0158954
5399_01,0.113449976
5400_01,0.5434366
5403_01,0.20552301
5405_01,-0.011814919
5407_01,0.6444437
5409_01,0.0053443396
5417_01,-0.116894424
5419_01,0.048250783
5426_01,0.86818784
5428_01,0.28716356
5428_02,0.6565786
5429_01,0.22872376
5432_01,0.63819337
5433_01,1.0801487
5439_01,0.60745484
5442_01,0.3553174
5444_01,0.76164395
5448_01,0.17012061
5449_01,0.46321407
5456_01,0.1992475
5460_01,0.61017483
5461_01,0.059268717
5464_01,0.2965651
5473_01,0.5063911
5473_02,0.18221538
5481_01,0.9852886
5482_01,0.4237973
5482_02,0.21295871
5486_01,1.0494169
5493_01,1.000063
5495_01,0.95091164
5498_01,0.64306974
5498_02,0.633157
5502_01,0.9310699
5503_01,0.044534683
5505_01,0.601376
5505_02,0.91757447
5505_03,0.96742994
5513_01,1.0648706
5513_02,1.0316241
5513_03,0.5697628
5513_04,0.8810674
5516_01,0.42246142
5518_01,0.20734742
5519_01,0.3918251
5525_01,0.1270894
5532_01,1.0107665
5533_01,0.22086151
5534_01,0.783555
5542_01,-0.022679359
5547_01,0.6564018
5548_01,0.7984364
5549_01,0.97490805
5553_01,1.0040872
5553_02,0.30862147
5554_01,0.8728396
5558_01,0.159839
5562_01,1.0113853
5562_02,1.0379101
5564_01,0.034005955
5565_01,0.64496714
5567_01,0.35756817
5570_01,1.0459087
5576_01,0.74834234
5577_01,1.0832818
5577_02,0.9081338
5577_03,1.0814836
5577_04,1.2737979
5577_05,1.1226474
5579_01,0.939884
5584_01,0.9045848
5584_02,0.007486656
5588_01,0.3420403
5588_02,1.0101385
5588_03,1.0419923
5588_04,0.64621794
5588_05,1.0062593
5590_01,0.6638981
5593_01,0.22234255
5597_01,0.8007848
5600_01,0.7890962
5604_01,0.47201136
5605_01,0.2576552
5607_01,0.64948493
5612_01,1.0526763
5617_01,0.18580124
5620_01,0.38258642
5620_02,0.02621032
5621_01,0.7024943
5624_01,1.1821616
5630_01,0.6506093
5632_01,1.0310868
5633_01,0.10237865
5634_01,0.8127215
5635_01,0.050211858
5636_01,0.1597528
5638_01,1.06926
5641_01,1.103088
5649_01,0.94805145
5654_01,0.28332898
5656_01,0.8711008
5657_01,-0.07972995
5658_01,-0.13743167
5660_01,0.24277572
5664_01,1.0287122
5664_02,1.0649651
5664_03,0.8578355
5664_04,0.5995732
5665_01,0.32181764
5666_01,0.024504486
5668_01,0.97989255
5669_01,0.99114126
5670_01,1.0463259
5672_01,0.6523632
5675_01,0.7542815
5676_01,0.47630945
5678_01,0.9874075
5678_02,0.43572775
5682_01,0.6922248
5683_01,-0.072032526
5690_01,0.34451756
5691_01,1.0145973
5694_01,0.90911275
5697_01,0.60916567
5699_01,0.19506973
5703_01,0.5113427
5708_01,1.0078895
5715_01,0.57468444
5715_02,0.8468731
5720_01,0.7332926
5720_02,0.23803346
5731_01,0.03261818
5731_02,0.7857423
5734_01,1.0414159
5734_02,0.029286824
5741_01,-0.07848435
5743_01,0.27096847
5745_01,0.8799349
5749_01,0.15984716
5752_01,0.34377804
5753_01,0.44524086
5754_01,-0.068560064
5759_01,1.0786613
5760_01,0.50130355
5762_01,0.3356724
5766_01,0.8405589
5770_01,1.0388762
5774_01,0.22313431
5775_01,0.925706
5782_01,0.5322298
5782_02,0.4802396
5782_03,0.70494425
5782_04,0.97441256
5784_01,0.67572224
5787_01,0.18057102
5787_02,0.57869637
5787_03,0.48628056
5789_01,0.9530962
5789_02,1.0554416
5797_01,0.9508101
5798_01,0.4087437
5801_01,0.27480564
5803_01,0.51885116
5805_01,0.29780823
5807_01,0.52600026
5815_01,0.0628562
5815_02,-0.026190221
5815_03,0.25592366
5815_04,0.012341838
5830_01,1.0130082
5832_01,0.2524778
5833_01,0.9445459
5838_01,0.7691242
5841_01,0.96765816
5841_02,1.0472387
5841_03,0.84885025
5845_01,0.81062794
5850_01,1.0252137
5851_01,0.18569335
5851_02,1.0383627
5853_01,0.32414457
5862_01,0.96525013
5864_01,0.5717897
5865_01,0.5986954
5866_01,0.36952043
5870_01,0.56688124
5872_01,0.74202824
5873_01,0.26567125
5873_02,0.6537632
5873_03,0.18991011
5881_01,0.98797184
5883_01,0.9410444
5884_01,0.33496365
5892_01,0.4155547
5893_01,0.4592396
5893_02,0.6012177
5895_01,-0.0897032
5896_01,0.53914434
5899_01,0.09897072
5904_01,1.0362645
5904_02,-0.048218857
5910_01,0.082134195
5911_01,0.9990452
5911_02,0.3946322
5911_03,0.32671055
5911_04,0.83280253
5911_05,0.88905317
5911_06,1.0224983
5914_01,0.97643137
5917_01,0.97374594
5918_01,0.3775812
5926_01,0.540192
5929_01,0.59360343
5932_01,0.2515309
5935_01,-0.05002916
5936_01,0.7981751
5936_02,0.97665113
5936_03,0.094523154
5936_04,0.49200064
5936_05,-0.04591881
5937_01,1.11217
5940_01,0.7480864
5942_01,0.96580637
5942_02,0.9447072
5943_01,0.08042172
5948_01,0.1293462
5958_01,0.4464448
5961_01,0.9754785
5961_02,0.976186
5962_01,0.6988635
5964_01,1.0196428
5964_02,1.0266213
5966_01,0.9520858
5966_02,1.1110342
5978_01,0.180799
5978_02,0.31988928
5979_01,0.70174235
5982_01,-0.0018643443
5996_01,0.98815274
5997_01,0.44758183
5997_02,0.97133887
6002_01,0.46582475
6005_01,0.86068904
6005_02,0.79267204
6005_03,0.86068904
6005_04,0.276797
6005_05,0.979634
6009_01,-0.052083626
6009_02,0.08190275
6012_01,0.24728213
6013_01,0.35201928
6018_01,0.23622069
6021_01,0.9265627
6023_01,0.18128045
6037_01,0.4686468
6044_01,0.24073747
6044_02,0.1579498
6046_01,0.61763626
6050_01,0.9897185
6051_01,-0.060280535
6051_02,0.100507565
6053_01,0.03956906
6056_01,-0.11728355
6057_01,0.9078391
6060_01,-0.06910569
6063_01,0.66782826
6072_01,0.17024484
6074_01,0.35079226
6074_02,0.69889915
6074_03,1.1426597
6078_01,0.8946044
6079_01,0.50559646
6081_01,0.80587757
6081_02,0.2669294
6081_03,0.97647226
6081_04,0.9827722
6083_01,0.0879747
6084_01,0.5199234
6088_01,0.7105328
6089_01,1.0315437
6093_01,0.3636639
6097_01,0.319172
6100_01,0.40714642
6104_01,0.99415684
6113_01,0.29674464
6114_01,0.12599221
6119_01,1.0299627
6119_02,0.5970245
6119_03,1.0282929
6125_01,0.23019019
6129_01,-0.080663845
6131_01,0.09328577
6134_01,0.7778055
6140_01,0.3431451
6142_01,0.5426452
6142_02,0.92271394
6144_01,0.35974967
6147_01,0.2796224
6151_01,0.015372095
6151_02,0.94575
6154_01,0.8411053
6159_01,0.3828108
6160_01,0.43232137
6160_02,0.95808804
6161_01,0.29410902
6164_01,0.8699088
6165_01,1.015722
6177_01,0.087822
6183_01,-0.13696219
6185_01,-0.059975237
6187_01,1.0144203
6188_01,0.293601
6190_01,0.58837
6193_01,0.9641946
6193_02,1.0243585
6193_03,0.11420485
6193_04,0.91233015
6195_01,0.04374247
6196_01,0.9966704
6197_01,0.62402594
6198_01,0.12848909
6202_01,0.6900417
6203_01,0.015255231
6204_01,1.2896411
6209_01,-0.14233124
6209_02,0.95465434
6210_01,0.9910037
6212_01,0.53758883
6214_01,0.7697021
6217_01,0.997621
6217_02,0.1199321
6221_01,1.0094949
6226_01,0.10872842
6231_01,1.1603383
6231_02,1.0924457
6231_03,0.5510792
6233_01,0.37635177
6233_02,0.49028948
6233_03,1.0884256
6235_01,0.9506294
6240_01,0.930319
6242_01,1.0374861
6244_01,0.20486702
6244_02,1.0414896
6247_01,-0.080881566
6255_01,0.9888384
6257_01,0.6903321
6257_02,-0.009861066
6257_03,0.74875516
6258_01,0.8328483
6259_01,0.36498618
6260_01,0.040882654
6260_02,0.021610748
6261_01,0.40548766
6261_02,0.39640447
6267_01,0.067287624
6267_02,0.4240789
6267_03,0.99080026
6267_04,1.0004255
6267_05,0.96729934
6267_06,0.91985816
6269_01,0.31644332
6269_02,0.16153215
6269_03,1.032007
6272_01,0.081943356
6272_02,1.0158111
6275_01,0.5461193
6278_01,1.0386628
6278_02,1.0081688
6284_01,0.96236384
6286_01,0.8165084
6286_02,0.77496463
6287_01,0.5618259
6287_02,0.26845136
6288_01,1.0175035
6288_02,0.24447577
6288_03,1.0275978
6288_04,0.79539996
6291_01,0.41131532
6294_01,1.0357305
6295_01,0.9907155
6295_02,0.37810484
6298_01,0.9408035
6303_01,0.44091043
6306_01,1.1533372
6307_01,0.24798258
6310_01,0.05954641
6311_01,0.7666242
6312_01,0.7708854
6312_02,-0.08579158
6314_01,0.38816473
6329_01,0.22812179
6332_01,0.56145877
6332_02,0.62562424
6332_03,0.6940304
6332_04,0.2497096
6332_05,0.1161852
6332_06,0.65382516
6332_07,0.5310725
6332_08,-0.055746038
6333_01,0.08705117
6336_01,0.65920943
6337_01,1.0665214
6342_01,0.4444938
6342_02,0.19177285
6345_01,1.1380152
6345_02,1.1380152
6350_01,0.35158613
6352_01,1.0975996
6352_02,0.9141722
6358_01,0.6840384
6358_02,0.7733691
6359_01,0.32546088
6362_01,0.4108103
6364_01,0.9739718
6375_01,0.16021527
6377_01,1.0310686
6379_01,0.27710712
6382_01,0.10455026
6383_01,0.96421057
6383_02,0.84516895
6383_03,0.46679267
6384_01,0.33187708
6386_01,0.4335294
6387_01,0.2859322
6389_01,0.18499584
6391_01,0.7810119
6391_02,0.9169191
6392_01,1.1172339
6393_01,0.3764219
6395_01,0.6110682
6401_01,0.96687555
6401_02,0.0055018757
6403_01,0.10134882
6410_01,0.09525416
6410_02,0.10754444
6417_01,1.0635089
6420_01,0.3832983
6423_01,0.09658147
6425_01,0.1511752
6425_02,0.45471057
6426_01,0.020304237
6427_01,0.98195934
6429_01,0.66963696
6435_01,-0.14969808
6438_01,0.02160148
6440_01,0.5477266
6441_01,0.27197665
6445_01,0.4330469
6460_01,0.7187988
6465_01,0.94644785
6466_01,0.28132924
6467_01,0.3482672
6469_01,0.8776086
6474_01,0.519142
6476_01,0.18162432
6479_01,0.9779306
6479_02,0.7792015
6483_01,0.96236384
6484_01,-0.046697274
6486_01,0.8520902
6491_01,0.25295284
6491_02,0.42332333
6491_03,1.0066772
6495_01,0.52390295
6496_01,0.40939713
6496_02,0.25485894
6497_01,0.40745872
6498_01,0.81706935
6499_01,0.43054187
6499_02,0.06914614
6499_03,0.68859804
6499_04,0.53976583
6499_05,0.18966039
6499_06,0.646234
6499_07,0.49460143
6499_08,0.3546174
6504_01,0.9561016
6504_02,0.4092633
6505_01,0.27965695
6506_01,0.303079
6506_02,0.36991906
6507_01,0.6298535
6515_01,0.8242692
6516_01,1.0133083
6516_02,0.99587494
6518_01,1.0068165
6519_01,0.2341393
6521_01,0.30888683
6524_01,0.56264627
6527_01,0.780513
6528_01,0.6171263
6532_01,0.033371657
6533_01,0.45437467
6533_02,0.2548857
6534_01,0.17013486
6536_01,0.13998221
6537_01,0.039839476
6538_01,0.14234507
6542_01,0.3284856
6543_01,1.0006878
6550_01,0.11233172
6551_01,0.7418989
6554_01,0.3695375
6555_01,0.6788657
6559_01,0.7418938
6559_02,0.87064415
6559_03,0.65451354
6564_01,0.2606735
6564_02,0.93579954
6566_01,0.19798453
6571_01,0.15318756
6575_01,1.0301679
6576_01,0.9800167
6577_01,0.6451996
6577_02,0.28380758
6577_03,0.9466874
6579_01,0.5675803
6581_01,0.1831937
6584_01,1.3521308
6586_01,0.037130896
6587_01,1.1003532
6589_01,0.8817314
6596_01,0.44911322
6596_02,-0.12893857
6597_01,0.46399447
6600_01,0.95111066
6600_02,-0.1449989
6605_01,1.0488433
6605_02,0.7256077
6607_01,0.3362292
6610_01,0.37301913
6612_01,0.57293963
6612_02,0.1861269
6612_03,0.12036506
6612_04,0.80980545
6612_05,0.7161908
6612_06,0.7374359
6615_01,0.9286614
6617_01,0.9516666
6617_02,0.96688265
6617_03,0.9942919
6619_01,-0.047067594
6627_01,0.80378497
6629_01,0.8404098
6632_01,0.30765086
6636_01,1.0275455
6640_01,1.0336182
6644_01,0.5318774
6648_01,0.5145104
6651_01,0.30584767
6653_01,0.75131065
6657_01,0.55636346
6658_01,0.50626767
6658_02,0.75461835
6658_03,0.0023364597
6661_01,0.34095952
6666_01,0.23525843
6677_01,0.59102154
6678_01,0.11198529
6678_02,0.9026435
6679_01,0.40667573
6682_01,0.94857246
6682_02,1.0029799
6685_01,0.05002526
6686_01,0.34689385
6687_01,0.12965667
6688_01,0.9462204
6689_01,0.2345098
6689_02,0.5762191
6690_01,1.0986063
6695_01,0.31930462
6696_01,0.5968215
6700_01,0.6031106
6700_02,0.14003877
6701_01,1.005074
6703_01,-0.09955722
6704_01,0.31458545
6705_01,0.33648017
6710_01,1.0326972
6712_01,0.004666205
6714_01,0.707835
6715_01,-0.07148594
6716_01,0.31703365
6717_01,0.9731099
6723_01,0.44851896
6728_01,0.97745955
6732_01,0.57350034
6733_01,0.57948136
6735_01,-0.06367557
6737_01,0.50650764
6738_01,0.3070664
6738_02,0.94298387
6740_01,-0.021794252
6743_01,1.0263656
6752_01,0.18454361
6752_02,0.36781973
6752_03,0.34237313
6755_01,0.0436583
6759_01,0.78567415
6767_01,0.20639294
6767_02,0.11865729
6768_01,0.6527608
6769_01,1.0130668
6770_01,0.96321476
6770_02,0.97008336
6770_03,0.9861126
6771_01,0.030846752
6772_01,0.6967743
6772_02,0.32708886
6777_01,1.0026426
6781_01,1.095862
6783_01,0.55823654
6785_01,0.509883
6790_01,0.25830784
6791_01,0.7656885
6793_01,0.86253774
6793_02,0.9637941
6795_01,0.11131434
6797_01,-0.1204713
6803_01,0.2881289
6804_01,0.21915168
6807_01,0.92350024
6807_02,0.58999115
6809_01,0.2179032
6811_01,0.2943511
6812_01,0.40213108
6812_02,0.35773963
6815_01,0.072009414
6819_01,0.54225636
6819_02,1.0812716
6819_03,1.2180357
6823_01,1.3101586
6828_01,0.87736756
6830_01,0.61093855
6835_01,0.78890604
6835_02,0.5217794
6836_01,0.12934695
6838_01,1.0778335
6838_02,-0.051075235
6838_03,0.26324296
6842_01,0.07950638
6845_01,1.1616869
6846_01,0.15667202
6847_01,0.12894563
6849_01,0.070386946
6852_01,0.14081264
6852_02,0.019842362
6855_01,0.35137546
6856_01,0.032810006
6860_01,0.21352471
6867_01,0.16641836
6870_01,0.06016514
6872_01,0.6516259
6874_01,0.9648221
6875_01,0.44227856
6875_02,0.07400475
6875_03,0.958661
6876_01,0.49639654
6876_02,0.7685324
6876_03,0.87719744
6877_01,0.081694685
6878_01,0.9656099
6881_01,0.33568037
6884_01,0.59171814
6886_01,0.8658567
6888_01,0.3926276
6888_02,0.9102042
6888_03,0.6983959
6888_04,-0.01648676
6890_01,0.25279728
6897_01,-0.02897243
6904_01,0.59171814
6904_02,0.6516259
6904_03,0.47604567
6909_01,0.9298806
6914_01,0.9186655
6916_01,1.0300728
6919_01,0.687318
6922_01,0.64393324
6923_01,0.90076715
6927_01,0.052495774
6933_01,0.88039434
6933_02,0.45590907
6935_01,0.18814154
6936_01,0.06716148
6936_02,-0.14870587
6936_03,1.0055839
6938_01,0.94898385
6941_01,0.6397783
6942_01,0.9593145
6948_01,0.8954767
6952_01,0.9696443
6953_01,0.53786063
6955_01,0.12779924
6956_01,0.5525164
6958_01,0.25817892
6959_01,0.13786623
6959_02,1.0145955
6959_03,1.0261669
6961_01,0.13148978
6961_02,0.17879324
6965_01,0.98992074
6969_01,-0.03669924
6974_01,0.091581345
6975_01,0.05777765
6983_01,0.9115031
6983_02,-0.169568
6986_01,0.496441
6986_02,0.0059491936
6986_03,0.7961358
6986_04,0.7250665
6986_05,0.66966826
6986_06,0.6890565
6986_07,0.31004116
6986_08,0.4054213
6989_01,0.98062575
6993_01,0.3182012
7000_01,0.9848127
7003_01,0.041377928
7009_01,0.13512
7009_02,0.107449554
7012_01,0.81126845
7023_01,0.014408894
7024_01,0.72680116
7030_01,0.027986454
7033_01,0.3911907
7035_01,0.759161
7043_01,0.76527125
7046_01,-0.01994799
7046_02,0.26974794
7046_03,-0.04624353
7054_01,1.1133406
7054_02,1.0399776
7055_01,0.8638886
7063_01,0.469
7063_02,-0.015580058
7064_01,0.6282099
7065_01,0.94647217
7066_01,0.24597114
7066_02,0.8301551
7067_01,0.8305292
7067_02,0.7586524
7067_03,0.084540494
7070_01,1.0899318
7075_01,-0.117065355
7076_01,0.38185805
7081_01,0.9254277
7081_02,0.98162377
7100_01,0.8576957
7100_02,0.12551619
7101_01,-0.101859875
7101_02,0.19121353
7102_01,0.9546012
7103_01,-0.047131166
7103_02,0.99847984
7107_01,0.25886694
7108_01,0.15876625
7112_01,1.0283618
7115_01,0.77037024
7122_01,0.4074977
7123_01,0.16879344
7124_01,0.9932661
7124_02,0.99976987
7124_03,0.67611736
7125_01,0.8748972
7129_01,0.31201667
7130_01,0.3660987
7130_02,0.8492858
7130_03,0.16914965
7130_04,0.2975226
7130_05,0.6942641
7130_06,1.0013607
7130_07,-0.037588134
7131_01,0.7880857
7135_01,0.83086646
7135_02,0.521365
7135_03,0.6818092
7135_04,0.95470613
7136_01,0.7288205
7138_01,-0.036799863
7139_01,0.13761005
7141_01,0.036388747
7145_01,0.11849367
7146_01,0.66028786
7147_01,1.0451224
7150_01,0.28090724
7150_02,0.5448072
7153_01,0.19578987
7154_01,0.009608366
7158_01,-0.078894824
7163_01,0.97473633
7163_02,1.0451709
7163_03,-0.07817609
7164_01,0.24282254
7169_01,0.9865491
7172_01,-0.107251644
7172_02,0.11906178
7174_01,0.3742098
7178_01,0.96245724
7183_01,0.72125477
7185_01,0.9667099
7195_01,1.019679
7196_01,0.9622762
7198_01,0.7219738
7201_01,0.18132147
7204_01,0.041492682
7209_01,0.6038492
7209_02,0.63645846
7211_01,0.007955999
7212_01,0.88995254
7213_01,0.76907504
7220_01,0.10526909
7222_01,0.7017047
7223_01,1.0265124
7228_01,0.96404
7231_01,0.10670091
7237_01,0.59697396
7239_01,0.42353404
7241_01,0.8080716
7241_02,0.10232994
7243_01,0.97570294
7243_02,0.9027385
7243_03,0.97570294
7243_04,0.12945148
7243_05,0.75324297
7244_01,0.9148226
7245_01,0.831161
7248_01,0.14618634
7248_02,0.97788006
7251_01,0.56880784
7254_01,0.14359723
7262_01,0.37134463
7263_01,0.28362057
7264_01,0.0046935314
7265_01,0.088144474
7266_01,0.8405783
7266_02,0.8798764
7266_03,1.0916564
7269_01,0.4011093
7269_02,0.47297
7272_01,0.6860996
7275_01,0.67838037
7281_01,0.36582392
7282_01,0.46101725
7286_01,0.17511976
7287_01,1.0115619
7288_01,0.34652254
7291_01,0.8660436
7293_01,0.4632782
7294_01,0.022801539
7295_01,0.2548542
7295_02,0.074066475
7299_01,0.4152704
7308_01,1.0410146
7312_01,0.58344555
7315_01,0.4322737
7316_01,0.14778912
7317_01,0.6835395
7318_01,-0.030948255
7319_01,0.3006148
7319_02,0.47347024
7319_03,0.25714576
7325_01,0.018704042
7329_01,0.431937
7329_02,0.70557326
7329_03,1.0271529
7333_01,0.2587094
7335_01,0.5021835
7345_01,0.2904024
7348_01,0.16851327
7348_02,1.0040804
7348_03,0.89247066
7349_01,0.0016436812
7352_01,0.15944085
7354_01,1.0573069
7354_02,1.0116311
7354_03,0.99754244
7354_04,0.124750376
7354_05,0.98656994
7354_06,0.59704566
7355_01,0.12011742
7357_01,0.940143
7362_01,-0.06181346
7363_01,0.26397297
7364_01,0.7355282
7368_01,0.923869
7369_01,0.21739395
7373_01,0.96052337
7373_02,0.99753463
7375_01,0.6022895
7378_01,0.051179674
7380_01,0.62001914
7380_02,0.94843745
7380_03,-0.107224084
7380_04,1.1112866
7381_01,0.5449683
7382_01,0.81357306
7383_01,0.6660124
7383_02,0.11871432
7384_01,0.021939786
7386_01,0.3061141
7389_01,0.8810805
7397_01,0.533101
7400_01,0.03474273
7404_01,0.80673033
7407_01,0.4015765
7409_01,0.26533717
7409_02,0.23855197
7412_01,1.00778
7413_01,0.5192095
7413_02,0.2925614
7414_01,-0.12912859
7415_01,0.0581527
7417_01,-0.062056623
7417_02,0.0880844
7420_01,0.17083481
7421_01,0.65110224
7421_02,0.72362417
7423_01,0.012497851
7423_02,0.9465767
7424_01,-0.20471528
7426_01,0.9476162
7426_02,0.92572504
7426_03,1.0164847
7433_01,0.52723485
7434_01,0.037361626
7439_01,0.05468934
7439_02,0.9426485
7440_01,0.19264847
7441_01,0.9302637
7443_01,0.7330853
7451_01,0.21217762
7454_01,0.13679624
7463_01,0.33007053
7465_01,0.42726362
7466_01,0.26828694
7467_01,0.13562877
7468_01,0.44092402
7469_01,0.14008822
7470_01,0.82739204
7471_01,0.7577055
7471_02,0.32081285
7473_01,0.09703272
7473_02,0.25824842
7474_01,0.5013697
7476_01,0.7068326
7480_01,-0.0039966567
7482_01,0.99586535
7482_02,0.07311689
7489_01,0.50038177
7489_02,-0.0929303
7489_03,0.6472413
7491_01,0.7101534
7493_01,0.34285578
7497_01,0.8817013
7511_01,0.4048373
7516_01,0.39718592
7519_01,0.23962909
7526_01,0.95802486
7528_01,0.6490851
7528_02,0.8391698
7528_03,0.08353923
7528_04,0.8094992
7530_01,0.99644184
7530_02,0.2995977
7530_03,-0.035451494
7530_04,-0.06197329
7532_01,0.81435764
7537_01,0.5664684
7539_01,0.9957598
7539_02,1.1188415
7540_01,-0.0039721783
7541_01,0.963391
7541_02,0.7164643
7541_03,0.6480997
7546_01,1.033531
7547_01,0.8108736
7548_01,0.10888812
7551_01,0.94344085
7554_01,0.36252984
7555_01,0.046097115
7556_01,0.9953274
7556_02,0.9228764
7556_03,0.30369437
7556_04,1.0162019
7557_01,0.19679551
7557_02,1.0092944
7557_03,0.9335707
7558_01,0.06834034
7558_02,1.0296673
7562_01,0.4954634
7564_01,0.018979307
7566_01,0.13068646
7570_01,0.5184311
7570_02,0.6864835
7571_01,0.22288705
7575_01,0.23533465
7581_01,0.34836945
7582_01,0.49495628
7582_02,0.5519426
7582_03,0.9954151
7582_04,0.52577585
7582_05,0.48125175
7587_01,0.4632191
7589_01,0.86642766
7590_01,0.72652483
7591_01,0.7445659
7591_02,0.48070872
7593_01,0.99971515
7597_01,0.65843844
7597_02,0.74672115
7597_03,0.08863557
7597_04,0.6001846
7597_05,0.2596911
7597_06,0.78689325
7597_07,0.3336318
7600_01,1.0183337
7600_02,0.33421743
7602_01,1.0497792
7603_01,0.9818604
7607_01,0.19036674
7610_01,0.7634024
7610_02,0.32594806
7611_01,-0.025224295
7611_02,0.2983786
7612_01,0.121153556
7612_02,0.5601793
7613_01,0.9985503
7615_01,0.41442683
7617_01,0.28855133
7619_01,0.55312276
7629_01,0.43770802
7629_02,0.30532077
7629_03,0.90586114
7636_01,0.14413805
7637_01,1.0186874
7637_02,-0.017273154
7637_03,0.96290654
7638_01,0.67980075
7642_01,0.9162459
7645_01,0.99238884
7648_01,0.6630744
7651_01,0.8050975
7653_01,0.48066413
7654_01,0.9831308
7655_01,0.7522136
7657_01,-0.07398172
7658_01,0.8417881
7659_01,0.15095693
7662_01,0.8389095
7663_01,0.80551463
7664_01,0.22075354
7668_01,0.28719628
7672_01,-0.05546298
7673_01,0.17108272
7674_01,0.6926304
7675_01,0.32363087
7681_01,0.63213426
7685_01,0.52487636
7686_01,0.8034732
7695_01,0.37766933
7701_01,0.34425837
7704_01,0.8314097
7706_01,0.98424715
7718_01,0.9576437
7722_01,0.20315915
7725_01,0.93750775
7726_01,0.63062036
7730_01,0.12601371
7732_01,0.21142374
7733_01,0.1999444
7734_01,0.44750863
7735_01,-0.024659883
7737_01,0.475384
7740_01,0.4023024
7740_02,0.6286542
7745_01,0.41649523
7750_01,-0.12511301
7756_01,0.8058332
7758_01,0.2911954
7759_01,0.55073655
7762_01,0.36212113
7765_01,0.8399303
7765_02,0.7969887
7765_03,0.8140313
7766_01,0.34542954
7772_01,0.566423
7779_01,0.6766532
7781_01,0.30417514
7792_01,0.96172684
7792_02,0.9765048
7792_03,0.99032384
7792_04,0.0702756
7792_05,0.99032384
7794_01,-0.05300644
7795_01,0.23032436
7795_02,0.67891675
7796_01,0.035267178
7798_01,0.48356098
7798_02,0.8960364
7799_01,0.70802474
7804_01,-0.027927585
7807_01,0.59441966
7811_01,0.63015896
7814_01,0.43207917
7817_01,0.08181251
7819_01,0.7888649
7822_01,0.21630616
7823_01,0.5600871
7825_01,0.014550343
7825_02,1.0480382
7825_03,0.11112629
7826_01,0.98345524
7827_01,1.0117736
7836_01,0.032905355
7838_01,0.9816575
7844_01,0.22056869
7846_01,-0.107148215
7846_02,0.9408319
7854_01,0.60339874
7855_01,0.4284106
7857_01,0.5810859
7860_01,0.25460392
7862_01,0.6969937
7867_01,0.12146177
7869_01,-0.25364783
7874_01,0.22319946
7874_02,0.85990113
7876_01,0.3465298
7880_01,0.99194777
7880_02,0.012398917
7887_01,0.46597567
7893_01,0.9635199
7893_02,1.0280435
7893_03,1.0629176
7893_04,1.0011325
7893_05,1.0363295
7896_01,0.3276654
7898_01,0.25217363
7900_01,-0.077820405
7906_01,-0.021026487
7909_01,0.12563594
7909_02,0.053977408
7911_01,0.8435399
7912_01,0.07812126
7915_01,0.5986452
7915_02,0.3478348
7915_03,0.62304246
7917_01,0.7524431
7921_01,0.8089695
7921_02,-0.044219013
7923_01,0.7789357
7925_01,0.5102951
7927_01,0.37880823
7927_02,0.5742997
7927_03,0.2781413
7928_01,0.35684654
7931_01,0.5613772
7932_01,0.42315271
7933_01,0.923674
7934_01,0.99668217
7934_02,0.969624
7934_03,1.1053125
7938_01,0.113897756
7942_01,-0.085549764
7942_02,0.82429117
7948_01,0.16773017
7951_01,1.1167402
7953_01,-0.016156292
7956_01,0.06989584
7959_01,0.024512446
7961_01,0.47099924
7963_01,0.82401454
7963_02,0.2812963
7963_03,0.558312
7964_01,1.0331658
7965_01,0.74100053
7966_01,0.23995318
7969_01,0.86102766
7971_01,1.0775124
7971_02,-0.018684652
7975_01,0.8081193
7977_01,0.44483328
7978_01,0.63170457
7978_02,0.30371368
7979_01,0.03181054
7980_01,0.10320834
7991_01,0.067891754
7991_02,0.47784853
7991_03,1.1704383
7991_04,1.0384641
7992_01,0.81035924
7997_01,0.9004237
7998_01,0.6673481
7998_02,1.0828054
7998_03,1.0918065
7998_04,1.0471617
8001_01,0.061309375
8002_01,0.18208277
8008_01,0.0028648034
8009_01,0.44627535
8011_01,0.7100147
8013_01,0.7291736
8017_01,0.09890469
8022_01,0.16205895
8028_01,-0.13872254
8033_01,-0.10661681
8039_01,0.8945809
8039_02,1.0293412
8040_01,0.47322568
8041_01,0.06518537
8041_02,1.001946
8044_01,0.9716617
8045_01,0.045752257
8047_01,1.0405235
8048_01,0.7733393
8051_01,0.7336872
8051_02,0.7073336
8061_01,0.31123054
8061_02,0.4713821
8062_01,0.04086965
8065_01,-0.036897402
8070_01,-0.0619571
8073_01,0.6211597
8074_01,0.39037013
8080_01,0.8953766
8090_01,0.66043144
8093_01,0.0054634074
8095_01,0.32125548
8096_01,0.8480548
8099_01,0.6642673
8100_01,0.77016157
8101_01,0.9444161
8104_01,0.44071767
8109_01,0.21403956
8110_01,-0.00069128233
8111_01,0.56462795
8113_01,0.59084976
8113_02,0.50321895
8113_03,0.52882993
8113_04,0.13002975
8114_01,0.6414972
8125_01,1.0006213
8125_02,0.8066859
8126_01,0.23105785
8127_01,0.763354
8132_01,0.038534395
8134_01,0.42240667
8142_01,1.0841054
8145_01,0.5330192
8146_01,0.6486368
8151_01,0.17341912
8154_01,0.46183068
8155_01,0.7118161
8160_01,0.18730947
8163_01,0.6253729
8166_01,-0.13002837
8169_01,0.4525018
8170_01,1.11464
8172_01,0.9279449
8174_01,0.012645591
8179_01,0.9772004
8180_01,-0.0525446
8181_01,0.01717627
8181_02,0.02360614
8181_03,0.6797731
8183_01,0.14931805
8184_01,0.10905686
8185_01,0.35030293
8187_01,-0.15860765
8188_01,0.014076104
8193_01,0.6579387
8195_01,0.99412876
8196_01,-0.08247279
8196_02,0.4348412
8198_01,0.6796717
8201_01,0.96096
8206_01,-0.07899682
8215_01,1.0469995
8223_01,0.16518945
8228_01,0.12796474
8230_01,0.14737715
8234_01,0.2142937
8236_01,1.0702041
8240_01,1.1474742
8241_01,0.44533536
8245_01,0.6052512
8245_02,0.39184275
8246_01,0.36251983
8249_01,0.010494463
8250_01,0.36725757
8253_01,-0.1609928
8256_01,0.35516742
8258_01,-0.055447813
8262_01,0.15399945
8263_01,0.19884762
8269_01,0.60717404
8274_01,0.6103148
8278_01,0.7892436
8283_01,1.0614254
8284_01,0.6664597
8284_02,0.53815395
8285_01,0.038802214
8286_01,1.0065168
8290_01,0.8529516
8293_01,-0.008459768
8296_01,0.72905976
8299_01,0.13456209
8304_01,0.15653959
8304_02,1.0191596
8304_03,0.661855
8305_01,0.97231334
8305_02,1.0381852
8305_03,0.9829904
8308_01,0.030570338
8309_01,0.4438213
8311_01,0.13994129
8312_01,0.84319663
8325_01,0.7086716
8325_02,0.17919602
8327_01,0.06201286
8331_01,0.06697424
8337_01,0.38011992
8340_01,0.30954334
8340_02,0.92588633
8340_03,0.09577419
8347_01,0.52964526
8349_01,0.46287754
8350_01,0.17658697
8351_01,-0.07539265
8352_01,-0.026767006
8353_01,0.024100034
8355_01,1.0119038
8357_01,0.93985385
8357_02,0.990128
8358_01,0.1837689
8359_01,-0.059963256
8361_01,-0.023415457
8361_02,0.22964129
8361_03,1.2384605
8361_04,1.0343515
8361_05,0.71545637
8364_01,0.5288573
8367_01,0.32802823
8370_01,1.022063
8370_02,-0.10664347
8372_01,1.038163
8385_01,1.0000505
8385_02,-0.010435513
8385_03,0.9941953
8387_01,0.9625393
8389_01,0.9005449
8391_01,0.5103634
8396_01,0.45518082
8399_01,0.44505548
8400_01,0.40936032
8400_02,0.66960627
8400_03,-0.1294727
8402_01,1.0262629
8402_02,0.99649113
8402_03,0.99649113
8408_01,0.15143943
8408_02,0.62036544
8412_01,0.34122342
8413_01,0.9053832
8415_01,0.5387435
8417_01,0.2618559
8422_01,0.22025293
8424_01,0.6791815
8425_01,0.9388735
8425_02,0.3466845
8426_01,0.64169896
8426_02,-0.119022444
8428_01,0.80956554
8434_01,0.9717529
8435_01,0.68636835
8436_01,0.1833587
8439_01,0.25714862
8440_01,-0.017266275
8440_02,1.0328641
8440_03,1.0248697
8443_01,0.8460156
8443_02,0.023382425
8445_01,0.7929486
8445_02,0.13632596
8445_03,0.88460207
8446_01,0.29702428
8450_01,0.7990408
8450_02,0.5301429
8450_03,0.78865486
8453_01,0.90186155
8455_01,0.1381291
8461_01,0.39865473
8464_01,0.015886283
8464_02,1.0061772
8473_01,0.50775486
8473_02,-0.17547731
8478_01,0.5296806
8478_02,0.15417878
8484_01,0.9541462
8485_01,0.16856211
8488_01,0.53136724
8490_01,-0.12890834
8496_01,0.42734525
8497_01,0.36266714
8498_01,0.4385665
8499_01,0.5239904
8501_01,0.43905464
8505_01,0.1048161
8507_01,0.6783999
8510_01,0.24049938
8510_02,1.0367321
8513_01,0.04667698
8515_01,0.30280933
8517_01,0.22305813
8517_02,0.836053
8518_01,0.5181
8519_01,0.47432068
8520_01,0.037326287
8520_02,0.5758857
8525_01,0.8317309
8525_02,1.0033267
8526_01,0.22136313
8526_02,1.0363994
8527_01,0.72571605
8529_01,0.17417315
8531_01,0.3752094
8532_01,0.31823
8533_01,0.27381822
8534_01,0.24755424
8534_02,0.6913904
8534_03,0.3877618
8534_04,0.5220817
8538_01,-0.0003170611
8543_01,0.53833956
8543_02,0.4497301
8543_03,0.6052669
8543_04,-0.077887155
8543_05,-0.0051123765
8543_06,0.03246199
8543_07,0.36802882
8543_08,0.4931913
8546_01,0.90174955
8547_01,0.23858954
8550_01,0.75855374
8553_01,0.09672032
8555_01,0.6063106
8555_02,-0.06287556
8555_03,0.7560397
8558_01,0.27857074
8562_01,0.3343574
8563_01,0.15031
8564_01,0.07505042
8565_01,0.34992287
8565_02,0.8068039
8565_03,0.15942499
8567_01,0.017838385
8567_02,-0.12141754
8567_03,-0.071703516
8568_01,1.1157554
8568_02,1.026377
8575_01,0.669141
8576_01,1.0244536
8578_01,0.18641575
8579_01,0.9692267
8582_01,0.45270884
8583_01,0.6580418
8583_02,0.9910257
8590_01,0.18166819
8591_01,0.2611375
8593_01,0.016252542
8600_01,0.7605804
8601_01,0.06065453
8608_01,0.7210703
8621_01,1.0341915
8622_01,0.17491184
8625_01,0.48341998
8627_01,-0.10685408
8630_01,0.864793
8632_01,0.39719474
8632_02,0.21667464
8647_01,0.97918326
8648_01,0.8705415
8648_02,0.2325069
8648_03,0.40069592
8649_01,0.11475204
8651_01,0.008729532
8652_01,0.044513095
8655_01,0.049959853
8660_01,0.81605417
8662_01,0.4910825
8665_01,0.40378866
8666_01,0.7546462
8676_01,0.40297276
8677_01,0.19593494
8677_02,0.64661014
8677_03,1.0800676
8678_01,0.60961384
8678_02,0.09345842
8679_01,0.40069592
8682_01,-0.16349228
8686_01,0.6771247
8689_01,0.15040822
8690_01,0.0070069004
8690_02,0.60768104
8692_01,0.9807601
8692_02,-0.09760918
8692_03,0.9214666
8697_01,0.5974352
8698_01,0.31832412
8699_01,0.33624673
8702_01,0.5637589
8705_01,0.6469348
8706_01,0.0839918
8707_01,0.24199107
8711_01,0.25659722
8713_01,-0.054140553
8713_02,1.0013835
8715_01,0.33546194
8718_01,0.12840073
8724_01,0.024651833
8725_01,0.3106483
8726_01,0.5353562
8730_01,-0.035310797
8731_01,0.1922802
8737_01,0.43767446
8738_01,0.3358421
8739_01,-0.045739044
8740_01,0.2275661
8742_01,0.1327963
8745_01,0.011216231
8746_01,0.6375027
8747_01,0.9133607
8747_02,0.089527756
8748_01,0.2366129
8748_02,-0.20951319
8756_01,-0.012849587
8758_01,0.050525084
8758_02,0.44122875
8761_01,0.4314422
8763_01,-0.053400535
8763_02,0.19978306
8763_03,0.8617991
8765_01,0.358541
8767_01,-0.053173896
8767_02,-0.11798068
8768_01,0.5901837
8768_02,0.93310595
8768_03,0.2965072
8775_01,0.9649514
8777_01,-0.03183847
8778_01,0.69948393
8778_02,0.66854686
8784_01,0.1916866
8788_01,0.15386796
8792_01,0.24179499
8793_01,0.028198713
8793_02,0.973909
8793_03,1.008876
8793_04,0.22385147
8793_05,1.0154771
8795_01,-0.015940625
8800_01,0.61595035
8800_02,0.47565165
8800_03,0.64645904
8800_04,0.74586284
8800_05,0.5052153
8803_01,0.7522842
8804_01,0.7701087
8804_02,0.5772454
8804_03,0.802518
8804_04,-0.029305935
8804_05,0.025641091
8810_01,0.12944636
8814_01,0.57805634
8829_01,0.49068782
8832_01,0.4375344
8837_01,0.10566395
8839_01,0.47790623
8839_02,0.21659692
8846_01,0.03811332
8846_02,0.063560344
8847_01,0.54275686
8851_01,0.9269922
8855_01,-0.025866732
8857_01,0.83262116
8859_01,0.37284195
8866_01,0.3867241
8870_01,1.0722054
8870_02,0.052061684
8873_01,0.36201185
8873_02,-0.14778484
8873_03,0.84677124
8875_01,0.850988
8875_02,0.005503493
8875_03,0.9987521
8877_01,0.9432976
8877_02,0.92075545
8879_01,0.36544105
8882_01,0.16530629
8887_01,0.55314606
8888_01,0.32775083
8893_01,0.9877374
8893_02,1.0143707
8895_01,0.9116144
8895_02,0.02957952
8898_01,0.5244704
8908_01,0.81706804
8909_01,0.6350268
8911_01,0.88064885
8912_01,0.5838591
8913_01,0.7900187
8913_02,0.9882554
8913_03,0.6259332
8914_01,0.39225796
8915_01,0.83501947
8916_01,0.7900187
8917_01,0.85652196
8921_01,1.039421
8924_01,1.0079567
8925_01,0.926457
8925_02,1.0231267
8925_03,1.0096272
8925_04,1.0819843
8925_05,1.1036985
8925_06,-0.0777446
8927_01,0.92101336
8929_01,0.23142487
8931_01,0.21677808
8933_01,0.4886791
8934_01,0.01491161
8935_01,1.0100693
8936_01,0.19731697
8943_01,0.62163615
8946_01,0.9892262
8949_01,0.39230374
8950_01,0.10398596
8951_01,-0.032981217
8952_01,0.43570206
8953_01,0.3416504
8957_01,0.79948115
8958_01,0.26247308
8960_01,0.7645559
8960_02,-0.023113307
8960_03,0.72136146
8962_01,0.3968114
8963_01,0.9351651
8965_01,0.28289816
8971_01,0.36418894
8974_01,1.003161
8979_01,0.36063302
8980_01,-0.0130542
8980_02,-0.023459751
8980_03,0.9495851
8980_04,-0.05351438
8980_05,0.49049482
8980_06,0.9134113
8980_07,0.9528119
8984_01,0.2357453
8990_01,0.39754567
8991_01,0.28808013
8994_01,0.19064735
8994_02,0.94897336
8995_01,0.0044837715
9000_01,-0.050450686
9002_01,0.05419273
9005_01,0.3409709
9016_01,0.093089014
9016_02,0.30761573
9016_03,-0.092263214
9016_04,1.1884242
9016_05,0.022242913
9017_01,0.5119425
9022_01,0.024440723
9022_02,0.58038753
9022_03,0.92346865
9025_01,0.20885769
9025_02,0.9471791
9027_01,-0.08454744
9033_01,0.56948256
9039_01,0.52814996
9040_01,-0.08203467
9044_01,0.5185002
9045_01,0.027298298
9045_02,0.18321726
9047_01,0.48842305
9050_01,0.107951686
9051_01,-0.10633586
9053_01,1.0556048
9053_02,0.93167657
9054_01,0.70754695
9055_01,0.5620419
9056_01,0.042661473
9058_01,0.23576383
9062_01,-0.078654096
9062_02,0.54164714
9063_01,0.9833478
9065_01,0.96836287
9067_01,0.12136511
9067_02,0.4883383
9070_01,0.10258477
9070_02,0.8775561
9082_01,0.047469422
9083_01,0.7717137
9083_02,0.526991
9086_01,0.38501465
9086_02,0.31919682
9087_01,-0.000708207
9088_01,1.1495477
9090_01,-0.11650085
9091_01,0.7717137
9092_01,0.60819143
9093_01,-0.080028206
9095_01,0.070702136
9096_01,0.37431476
9096_02,0.66244906
9100_01,0.20751916
9102_01,1.093075
9105_01,0.29301894
9109_01,0.14390008
9113_01,1.1287906
9117_01,0.13797116
9121_01,0.7733613
9123_01,0.8633019
9133_01,0.311324
9135_01,-0.013690115
9138_01,0.051105574
9143_01,-0.037947837
9143_02,-0.20541415
9143_03,-0.24488741
9146_01,0.09943982
9146_02,0.29039052
9146_03,1.0208206
9147_01,0.51231515
9153_01,0.34393767
9154_01,0.3677291
9155_01,0.55806243
9155_02,-0.044221908
9155_03,1.0442599
9155_04,1.0199795
9162_01,0.9839785
9162_02,0.09150482
9162_03,-0.08551448
9166_01,1.0904781
9171_01,0.8862547
9177_01,1.0036966
9177_02,1.1079539
9182_01,0.24608608
9187_01,0.88628393
9187_02,-0.023199663
9191_01,0.83392054
9198_01,0.33026576
9200_01,0.42937782
9204_01,0.40662053
9206_01,1.1893544
9206_02,0.08848144
9206_03,0.9707068
9207_01,0.73607063
9209_01,0.8173894
9210_01,0.94075423
9212_01,0.36254287
9212_02,0.98958224
9214_01,0.04759018
9215_01,1.0528502
9216_01,0.41104686
9223_01,0.86736894
9223_02,0.7266351
9228_01,0.2293483
9229_01,0.21719769
9232_01,0.6297892
9236_01,0.72769743
9238_01,0.68162656
9238_02,0.9289253
9238_03,0.7218293
9238_04,0.57772005
9238_05,0.68092686
9238_06,1.003873
9238_07,0.16662952
9240_01,0.38612047
9243_01,0.7929529
9245_01,0.3231928
9249_01,0.7631898
9255_01,0.66034085
9258_01,1.2208627
9260_01,0.9440957
9262_01,0.6753741
9263_01,0.72277
9265_01,1.048339
9266_01,0.6844625
9266_02,0.85070735
9269_01,0.33536327
9271_01,1.0910455
9273_01,0.52265173
9277_01,0.43859872
